val1;val2;result
0;0;0
0;1;1
1;1;2
1;1;2
2;2;4
2;1;3
3;3;6
3;1;4
4;4;8
4;1;5
5;5;10
5;1;6
6;6;12
6;1;7
7;7;14
7;1;8
8;8;16
8;1;9
9;9;18
9;1;10
10;10;20
10;1;11
11;11;22
11;1;12
12;12;24
12;1;13
13;13;26
13;1;14
14;14;28
14;1;15
15;15;30
15;1;16
16;16;32
16;1;17
17;17;34
17;1;18
18;18;36
18;1;19
19;19;38
19;1;20
20;20;40
20;1;21
21;21;42
21;1;22
22;22;44
22;1;23
23;23;46
23;1;24
24;24;48
24;1;25
25;25;50
25;1;26
26;26;52
26;1;27
27;27;54
27;1;28
28;28;56
28;1;29
29;29;58
29;1;30
30;30;60
30;1;31
31;31;62
31;1;32
32;32;64
32;1;33
33;33;66
33;1;34
34;34;68
34;1;35
35;35;70
35;1;36
36;36;72
36;1;37
37;37;74
37;1;38
38;38;76
38;1;39
39;39;78
39;1;40
40;40;80
40;1;41
41;41;82
41;1;42
42;42;84
42;1;43
43;43;86
43;1;44
44;44;88
44;1;45
45;45;90
45;1;46
46;46;92
46;1;47
47;47;94
47;1;48
48;48;96
48;1;49
49;49;98
49;1;50
50;50;100
50;1;51
51;51;102
51;1;52
52;52;104
52;1;53
53;53;106
53;1;54
54;54;108
54;1;55
55;55;110
55;1;56
56;56;112
56;1;57
57;57;114
57;1;58
58;58;116
58;1;59
59;59;118
59;1;60
60;60;120
60;1;61
61;61;122
61;1;62
62;62;124
62;1;63
63;63;126
63;1;64
64;64;128
64;1;65
65;65;130
65;1;66
66;66;132
66;1;67
67;67;134
67;1;68
68;68;136
68;1;69
69;69;138
69;1;70
70;70;140
70;1;71
71;71;142
71;1;72
72;72;144
72;1;73
73;73;146
73;1;74
74;74;148
74;1;75
75;75;150
75;1;76
76;76;152
76;1;77
77;77;154
77;1;78
78;78;156
78;1;79
79;79;158
79;1;80
80;80;160
80;1;81
81;81;162
81;1;82
82;82;164
82;1;83
83;83;166
83;1;84
84;84;168
84;1;85
85;85;170
85;1;86
86;86;172
86;1;87
87;87;174
87;1;88
88;88;176
88;1;89
89;89;178
89;1;90
90;90;180
90;1;91
91;91;182
91;1;92
92;92;184
92;1;93
93;93;186
93;1;94
94;94;188
94;1;95
95;95;190
95;1;96
96;96;192
96;1;97
97;97;194
97;1;98
98;98;196
98;1;99
99;99;198
99;1;100
100;100;200
100;1;101
101;101;202
101;1;102
102;102;204
102;1;103
103;103;206
103;1;104
104;104;208
104;1;105
105;105;210
105;1;106
106;106;212
106;1;107
107;107;214
107;1;108
108;108;216
108;1;109
109;109;218
109;1;110
110;110;220
110;1;111
111;111;222
111;1;112
112;112;224
112;1;113
113;113;226
113;1;114
114;114;228
114;1;115
115;115;230
115;1;116
116;116;232
116;1;117
117;117;234
117;1;118
118;118;236
118;1;119
119;119;238
119;1;120
120;120;240
120;1;121
121;121;242
121;1;122
122;122;244
122;1;123
123;123;246
123;1;124
124;124;248
124;1;125
125;125;250
125;1;126
126;126;252
126;1;127
127;127;254
127;1;128
128;128;256
128;1;129
129;129;258
129;1;130
130;130;260
130;1;131
131;131;262
131;1;132
132;132;264
132;1;133
133;133;266
133;1;134
134;134;268
134;1;135
135;135;270
135;1;136
136;136;272
136;1;137
137;137;274
137;1;138
138;138;276
138;1;139
139;139;278
139;1;140
140;140;280
140;1;141
141;141;282
141;1;142
142;142;284
142;1;143
143;143;286
143;1;144
144;144;288
144;1;145
145;145;290
145;1;146
146;146;292
146;1;147
147;147;294
147;1;148
148;148;296
148;1;149
149;149;298
149;1;150
150;150;300
150;1;151
151;151;302
151;1;152
152;152;304
152;1;153
153;153;306
153;1;154
154;154;308
154;1;155
155;155;310
155;1;156
156;156;312
156;1;157
157;157;314
157;1;158
158;158;316
158;1;159
159;159;318
159;1;160
160;160;320
160;1;161
161;161;322
161;1;162
162;162;324
162;1;163
163;163;326
163;1;164
164;164;328
164;1;165
165;165;330
165;1;166
166;166;332
166;1;167
167;167;334
167;1;168
168;168;336
168;1;169
169;169;338
169;1;170
170;170;340
170;1;171
171;171;342
171;1;172
172;172;344
172;1;173
173;173;346
173;1;174
174;174;348
174;1;175
175;175;350
175;1;176
176;176;352
176;1;177
177;177;354
177;1;178
178;178;356
178;1;179
179;179;358
179;1;180
180;180;360
180;1;181
181;181;362
181;1;182
182;182;364
182;1;183
183;183;366
183;1;184
184;184;368
184;1;185
185;185;370
185;1;186
186;186;372
186;1;187
187;187;374
187;1;188
188;188;376
188;1;189
189;189;378
189;1;190
190;190;380
190;1;191
191;191;382
191;1;192
192;192;384
192;1;193
193;193;386
193;1;194
194;194;388
194;1;195
195;195;390
195;1;196
196;196;392
196;1;197
197;197;394
197;1;198
198;198;396
198;1;199
199;199;398
199;1;200
11502;28584;40086
4881;38511;43392
13440;15803;29243
7355;22038;29393
8823;25807;34630
11835;18464;30299
11874;26719;38593
5075;26033;31108
195;18189;18384
2671;27396;30067
14304;22359;36663
6997;22834;29831
13737;18858;32595
1976;29263;31239
11997;35057;47054
5974;35850;41824
6413;26106;32519
701;15363;16064
9430;39986;49416
12042;20057;32099
14910;27768;42678
12423;20347;32770
13324;39006;52330
10844;18342;29186
6752;34379;41131
3502;18778;22280
10237;19269;29506
5362;18747;24109
1097;22645;23742
1547;20849;22396
4081;35298;39379
9145;22260;31405
2594;34274;36868
12023;20279;32302
14797;32953;47750
3202;16827;20029
4955;33857;38812
5488;25269;30757
4677;23858;28535
1673;27413;29086
4994;18375;23369
1739;39598;41337
6448;36012;42460
8906;28430;37336
13971;28151;42122
664;38017;38681
4607;25398;30005
540;30111;30651
10783;27650;38433
1112;35110;36222
10238;30903;41141
2534;17899;20433
13481;28309;41790
2665;15866;18531
9594;24390;33984
4719;39858;44577
356;18153;18509
7422;37922;45344
3660;16359;20019
892;21953;22845
6371;26175;32546
6345;34784;41129
8722;32404;41126
12118;31239;43357
11489;26232;37721
8300;36520;44820
5325;28557;33882
4230;31794;36024
5700;20758;26458
11683;34020;45703
3862;16594;20456
13100;28441;41541
7240;37101;44341
11758;15332;27090
9465;17055;26520
8332;18448;26780
14611;31302;45913
2111;15258;17369
13472;22843;36315
9107;26973;36080
7321;24413;31734
14190;35459;49649
6853;31365;38218
10458;28949;39407
5523;29615;35138
3059;38927;41986
5463;21409;26872
12243;28375;40618
5021;28520;33541
11245;15798;27043
4615;33770;38385
3361;31810;35171
3596;30973;34569
11110;27068;38178
10862;21739;32601
1349;22136;23485
9215;27121;36336
4512;16835;21347
9511;19195;28706
14863;30522;45385
1752;22666;24418
11283;39468;50751
10606;28963;39569
3962;32962;36924
14753;32116;46869
10079;23103;33182
6416;21033;27449
11486;19351;30837
1399;29523;30922
6657;16732;23389
11408;21673;33081
12777;21935;34712
6381;37400;43781
1699;29339;31038
14397;34391;48788
13568;17458;31026
13700;36648;50348
590;35216;35806
5668;38339;44007
1390;27278;28668
6872;26147;33019
6383;20607;26990
583;17706;18289
874;20566;21440
8364;27088;35452
8674;16442;25116
6198;28638;34836
3317;21126;24443
5667;32847;38514
7663;26353;34016
13200;33422;46622
10256;28673;38929
12033;27178;39211
7351;29465;36816
11297;33080;44377
12525;38523;51048
5123;27918;33041
11920;32164;44084
9994;39403;49397
882;25360;26242
12539;35800;48339
7040;24576;31616
265;36739;37004
830;27770;28600
14363;21104;35467
1363;29268;30631
8334;16027;24361
11066;35290;46356
12388;32279;44667
14918;30397;45315
2385;18874;21259
5773;21910;27683
10987;27434;38421
1833;24296;26129
7415;22696;30111
10178;30599;40777
13981;37743;51724
10691;37120;47811
9251;15362;24613
4149;28350;32499
8922;31483;40405
14510;28755;43265
12088;28290;40378
14728;18895;33623
11429;19639;31068
12068;15101;27169
7122;26055;33177
12398;18164;30562
11872;15307;27179
10097;22686;32783
1590;38003;39593
7889;16256;24145
9454;16464;25918
8591;22410;31001
5083;29313;34396
5699;15775;21474
5508;36552;42060
7124;34144;41268
392;18724;19116
4971;33637;38608
9363;30644;40007
8140;26482;34622
13303;31009;44312
7601;27789;35390
6596;22892;29488
235;19115;19350
841;16533;17374
13775;35617;49392
1901;24806;26707
6571;35764;42335
10127;25461;35588
2347;15542;17889
12069;23189;35258
4960;34039;38999
6982;26239;33221
3514;22638;26152
14484;29105;43589
5042;19318;24360
10992;22759;33751
5559;38726;44285
5049;29904;34953
14395;32270;46665
7895;26943;34838
190;31324;31514
7605;30190;37795
5558;31293;36851
587;25825;26412
7694;35484;43178
14211;34834;49045
7904;26047;33951
3191;35189;38380
5328;36230;41558
6002;25662;31664
9128;37271;46399
3742;16918;20660
6056;32910;38966
6583;29744;36327
2065;39532;41597
12908;17818;30726
3216;15499;18715
1664;35687;37351
298;15125;15423
13488;26594;40082
1376;19692;21068
8140;33149;41289
71;27319;27390
10973;38621;49594
11710;23158;34868
13749;23788;37537
8624;32261;40885
8237;38274;46511
10825;24937;35762
9665;20419;30084
14673;27595;42268
5537;39893;45430
174;17658;17832
7384;23352;30736
6982;22952;29934
8512;29122;37634
1337;31755;33092
10145;15027;25172
12599;29600;42199
3125;37844;40969
6044;36505;42549
6105;15601;21706
6001;36640;42641
7269;26420;33689
12284;32327;44611
3218;16555;19773
1390;32190;33580
5001;31344;36345
822;24593;25415
9715;24548;34263
2418;18987;21405
2334;29034;31368
10919;19345;30264
6016;20868;26884
3850;26605;30455
2312;37288;39600
10820;19488;30308
6695;15005;21700
12139;27729;39868
14360;15857;30217
9651;23782;33433
2330;28366;30696
14613;29658;44271
5714;18212;23926
6174;17899;24073
6471;33194;39665
7234;26794;34028
14821;18823;33644
3909;27273;31182
7246;26739;33985
14120;38747;52867
14408;15047;29455
13149;27560;40709
1204;18218;19422
12601;39713;52314
3954;22792;26746
7829;27436;35265
2252;27090;29342
9499;15222;24721
13974;33868;47842
4445;26403;30848
1356;26502;27858
11903;27476;39379
13714;21896;35610
1639;26896;28535
11858;32766;44624
13694;23269;36963
12737;37445;50182
708;34585;35293
7237;23287;30524
2490;23868;26358
11948;33230;45178
1385;32094;33479
12926;31537;44463
6774;27842;34616
1969;26021;27990
1573;25423;26996
9430;21886;31316
6997;33949;40946
5823;30149;35972
14872;33998;48870
1880;39566;41446
8392;36670;45062
9849;36692;46541
2173;23654;25827
1102;18519;19621
2868;17499;20367
7921;22508;30429
5360;39851;45211
12519;39509;52028
5714;31048;36762
5723;34887;40610
8831;24862;33693
5839;32355;38194
10131;37716;47847
2628;16757;19385
7942;17739;25681
7253;35811;43064
4807;20618;25425
8697;30296;38993
493;36372;36865
8861;24673;33534
11431;28390;39821
11526;27364;38890
5028;34114;39142
1391;39637;41028
2170;37467;39637
6698;26736;33434
7457;29579;37036
7028;24571;31599
3713;31168;34881
5432;18458;23890
10858;18409;29267
12996;15950;28946
12325;36324;48649
3095;26676;29771
10796;28008;38804
5936;19069;25005
11735;23162;34897
12257;20435;32692
9502;22533;32035
5191;25064;30255
5696;22838;28534
4569;26137;30706
6193;27549;33742
5349;35269;40618
933;18693;19626
7302;28423;35725
1828;37121;38949
3020;35902;38922
11976;18821;30797
956;34373;35329
1567;35213;36780
7179;34486;41665
12950;17424;30374
8090;33158;41248
12291;21201;33492
11948;26075;38023
8383;17655;26038
9639;37394;47033
14386;21089;35475
2663;26488;29151
748;31749;32497
14885;30815;45700
6731;18706;25437
6700;35469;42169
3525;29015;32540
10788;22581;33369
196;27671;27867
8413;24560;32973
7804;24943;32747
9215;15244;24459
7167;18969;26136
11051;33557;44608
3215;28797;32012
2453;24872;27325
2889;16250;19139
9821;27908;37729
13650;35344;48994
1030;15196;16226
2347;32614;34961
13990;25479;39469
5933;27231;33164
10034;16704;26738
5611;30915;36526
5018;30914;35932
7851;18757;26608
5991;29114;35105
14073;27116;41189
7083;35378;42461
14226;24245;38471
4292;39389;43681
111;19048;19159
2733;25996;28729
13533;31953;45486
13820;37685;51505
9853;29594;39447
10080;16294;26374
96;18880;18976
2620;23285;25905
3059;27492;30551
10090;39166;49256
12543;17054;29597
137;38226;38363
2183;31873;34056
5904;28035;33939
10138;21518;31656
305;24017;24322
7081;39953;47034
2799;37218;40017
7835;33818;41653
11428;21960;33388
807;38744;39551
1635;26279;27914
10970;36384;47354
12919;20107;33026
7456;38080;45536
4689;35079;39768
8064;21850;29914
9130;22204;31334
7112;37168;44280
8086;33320;41406
12946;24365;37311
9256;28922;38178
1091;35882;36973
4145;25414;29559
6687;25143;31830
7738;17118;24856
6339;22104;28443
292;33231;33523
11160;32480;43640
13565;23500;37065
14685;34819;49504
12837;15182;28019
10646;17459;28105
3825;27541;31366
10064;27708;37772
10937;34231;45168
4619;16402;21021
9648;33956;43604
905;33148;34053
2179;22078;24257
11413;33959;45372
10494;21475;31969
2597;30798;33395
11214;38664;49878
12217;24879;37096
5167;31788;36955
9380;28613;37993
9268;36363;45631
6291;24080;30371
1657;28243;29900
10324;39070;49394
6499;19620;26119
11438;29988;41426
7097;15321;22418
4687;34487;39174
4079;36224;40303
1616;30281;31897
399;24415;24814
9334;24355;33689
14754;37066;51820
3435;18607;22042
3804;36674;40478
5746;22217;27963
122;22715;22837
13168;39735;52903
7388;21966;29354
8702;35539;44241
4655;16926;21581
8581;34184;42765
11931;17456;29387
4429;30094;34523
10851;37243;48094
11182;37231;48413
12760;21165;33925
11553;37783;49336
12193;20832;33025
12673;27146;39819
10320;17776;28096
13388;38507;51895
2928;33655;36583
13741;18112;31853
1938;27334;29272
1983;28758;30741
12827;30721;43548
6139;36872;43011
14095;28942;43037
7982;39230;47212
7701;34133;41834
10733;26392;37125
3437;24816;28253
12384;39147;51531
11596;15786;27382
1892;15202;17094
9833;31975;41808
4997;34430;39427
9060;31501;40561
2374;28298;30672
11317;39984;51301
13038;24713;37751
12644;32645;45289
14477;30805;45282
5127;37228;42355
1993;38133;40126
1132;24032;25164
9558;21303;30861
14346;32118;46464
5872;16094;21966
3693;30992;34685
3276;37424;40700
7709;19894;27603
8415;38549;46964
10096;33668;43764
13007;28924;41931
14129;20338;34467
12910;20832;33742
1521;17482;19003
1528;28685;30213
9836;38353;48189
6324;30513;36837
9054;15128;24182
1785;23849;25634
541;38675;39216
4747;38839;43586
6511;33824;40335
2777;21908;24685
11160;26079;37239
1448;27794;29242
6653;36638;43291
3173;19581;22754
12369;26624;38993
1797;35100;36897
11436;24976;36412
3476;28810;32286
3495;33208;36703
11883;18452;30335
7238;29500;36738
3624;38715;42339
13108;28853;41961
8500;27478;35978
9351;36716;46067
11294;31700;42994
8093;36187;44280
7579;31387;38966
5827;23939;29766
14618;24574;39192
6461;37913;44374
10272;23684;33956
5506;21298;26804
3660;30354;34014
5575;38248;43823
7389;39956;47345
4839;36768;41607
4641;25662;30303
14253;20931;35184
1482;19683;21165
3971;33568;37539
7940;34943;42883
1521;20509;22030
7459;39326;46785
8463;24476;32939
8762;24007;32769
14753;15585;30338
11631;20694;32325
2066;34258;36324
24;15528;15552
3845;27762;31607
8611;26903;35514
10824;19852;30676
14868;34009;48877
11812;37877;49689
13391;37175;50566
13015;38855;51870
5984;21090;27074
6203;37202;43405
3119;16163;19282
13175;31316;44491
1344;28302;29646
11797;26422;38219
13037;34246;47283
1733;31668;33401
5949;27325;33274
3540;37481;41021
10706;19355;30061
12249;27635;39884
1382;33360;34742
11023;28898;39921
8174;26975;35149
5775;15967;21742
13285;20834;34119
207;15856;16063
14984;23086;38070
4844;32984;37828
10808;37623;48431
8772;28112;36884
1760;33452;35212
12019;23046;35065
3864;29316;33180
6841;25730;32571
1995;36770;38765
3083;37165;40248
267;19700;19967
6484;27326;33810
12281;29683;41964
7450;27529;34979
11980;27137;39117
2372;21727;24099
8880;30364;39244
7270;37999;45269
8532;25477;34009
12321;29482;41803
867;33362;34229
13320;38134;51454
9911;36016;45927
9256;22391;31647
14681;25106;39787
9196;17619;26815
1583;24706;26289
564;20259;20823
10954;23015;33969
8056;16751;24807
9799;23094;32893
9367;37699;47066
7963;20948;28911
5633;30506;36139
4360;33775;38135
2493;21163;23656
2790;32985;35775
1793;37623;39416
13766;21185;34951
100;29875;29975
4432;35714;40146
1587;30644;32231
14198;16211;30409
7806;18458;26264
745;36936;37681
3945;23202;27147
5571;32550;38121
13889;39718;53607
195;29380;29575
10474;28013;38487
1489;27117;28606
9296;23806;33102
13118;37593;50711
10005;16114;26119
9634;21770;31404
14370;17931;32301
3923;23934;27857
11279;29073;40352
13381;30546;43927
5928;39097;45025
8023;22975;30998
10625;35982;46607
14036;26125;40161
6552;28973;35525
11271;34907;46178
7584;37397;44981
4410;15446;19856
26;28317;28343
9761;33900;43661
13651;32232;45883
598;25627;26225
13675;24979;38654
6517;21248;27765
10849;19551;30400
7909;16308;24217
3491;33862;37353
9932;28430;38362
13512;26023;39535
8955;24960;33915
14873;23413;38286
4042;31332;35374
7951;17918;25869
14569;24109;38678
4549;33291;37840
14563;37688;52251
4443;38673;43116
7729;35075;42804
5291;25681;30972
5507;21745;27252
6147;36352;42499
8674;27082;35756
14755;36031;50786
5254;21554;26808
8398;17346;25744
11702;17874;29576
2233;35669;37902
6573;28094;34667
11409;34024;45433
12079;31037;43116
1961;29598;31559
4018;36281;40299
3351;37967;41318
1698;29741;31439
7091;36568;43659
4404;31716;36120
12227;21844;34071
14951;26116;41067
14932;38930;53862
2568;28142;30710
12736;34895;47631
10207;36521;46728
10180;24253;34433
14140;16672;30812
13828;23989;37817
7193;35762;42955
8895;36912;45807
1669;18554;20223
5882;38824;44706
6087;31651;37738
6150;39014;45164
2782;31294;34076
9714;18166;27880
3149;31171;34320
199;37299;37498
8515;17440;25955
1394;20249;21643
3815;25611;29426
14205;39457;53662
187;31533;31720
329;39656;39985
11377;37437;48814
7837;16209;24046
13165;26898;40063
8938;29246;38184
8619;26609;35228
11888;18642;30530
7982;15982;23964
7377;30592;37969
749;37848;38597
3545;31287;34832
7944;15493;23437
2776;30248;33024
859;33379;34238
14897;27915;42812
6524;25595;32119
401;22314;22715
7831;28561;36392
10284;35681;45965
9378;17339;26717
2428;32974;35402
2977;33904;36881
7907;26888;34795
4850;21566;26416
466;30198;30664
8250;24682;32932
12908;17432;30340
4064;23906;27970
13376;32860;46236
4627;35112;39739
10349;32458;42807
569;29163;29732
2700;17735;20435
13256;25930;39186
11564;16373;27937
6853;25810;32663
4416;17379;21795
3754;24379;28133
14737;31529;46266
1179;24405;25584
13386;19738;33124
11914;19226;31140
1498;26835;28333
9302;34283;43585
456;28396;28852
5542;35377;40919
11441;33351;44792
7538;23566;31104
13280;18222;31502
3070;28138;31208
6668;21744;28412
5334;34969;40303
6592;29877;36469
14658;39086;53744
4594;26119;30713
9375;21745;31120
8602;33738;42340
240;31165;31405
10011;37891;47902
4252;35960;40212
4082;15162;19244
8604;26854;35458
9040;34046;43086
8030;39871;47901
6592;19703;26295
3101;39423;42524
2774;25418;28192
1742;24280;26022
9547;33486;43033
8931;39584;48515
5587;18735;24322
2666;17288;19954
9144;35725;44869
9577;30013;39590
10961;29072;40033
12573;19199;31772
10839;18858;29697
5688;24291;29979
1817;19989;21806
13936;35664;49600
659;32019;32678
391;36988;37379
10537;28058;38595
8086;15884;23970
11135;21580;32715
10466;35229;45695
7782;18942;26724
11034;33143;44177
6995;20165;27160
5669;38121;43790
7655;31291;38946
6523;24361;30884
11514;35134;46648
2911;19612;22523
3729;16443;20172
7514;38167;45681
5001;23460;28461
6316;21432;27748
9458;28594;38052
7335;15799;23134
11518;27233;38751
403;29868;30271
8543;22532;31075
13909;23129;37038
737;37235;37972
5216;34135;39351
6200;29157;35357
2696;22431;25127
4674;39786;44460
6269;28287;34556
2361;26650;29011
9784;22149;31933
9383;24657;34040
4361;38187;42548
7377;16783;24160
4860;15651;20511
7267;22390;29657
4001;30072;34073
3968;32284;36252
6627;19447;26074
3733;24036;27769
8751;37422;46173
6918;18694;25612
2812;22309;25121
3933;26513;30446
9693;21205;30898
8972;32196;41168
11278;38656;49934
11432;27089;38521
5393;15630;21023
866;39496;40362
4661;38305;42966
14919;20563;35482
7332;32833;40165
7592;21187;28779
6201;29142;35343
10540;31481;42021
948;16184;17132
11844;34378;46222
14610;35362;49972
12302;38422;50724
9480;15137;24617
2072;28333;30405
14674;18790;33464
4865;18000;22865
12574;35158;47732
3338;18767;22105
311;25971;26282
12658;38886;51544
3593;19812;23405
6397;23283;29680
13401;25678;39079
6321;31408;37729
1480;25216;26696
11724;30222;41946
9603;25826;35429
13164;38577;51741
5155;22702;27857
6816;31006;37822
12087;29140;41227
7044;29245;36289
1126;28999;30125
2708;26533;29241
9868;28013;37881
12715;33049;45764
2849;31106;33955
11859;24925;36784
14213;18301;32514
5824;17817;23641
11587;39229;50816
8027;28721;36748
3587;36858;40445
9160;39051;48211
815;37360;38175
11727;30985;42712
8283;37142;45425
3876;23067;26943
11870;18191;30061
2578;27339;29917
11432;20889;32321
14363;23568;37931
4119;28090;32209
9717;34178;43895
8276;17559;25835
7368;25609;32977
1191;15646;16837
1939;25844;27783
844;27341;28185
13526;32216;45742
5977;16788;22765
7917;20891;28808
1309;35187;36496
2571;30510;33081
6157;26079;32236
7383;33187;40570
1205;32423;33628
12422;29048;41470
2432;16846;19278
1071;19021;20092
1323;24895;26218
1527;38594;40121
10999;36856;47855
3833;19090;22923
5232;29655;34887
768;36387;37155
12186;25779;37965
7593;22858;30451
552;34740;35292
13322;33119;46441
10219;24173;34392
7805;27967;35772
3769;38128;41897
4816;26609;31425
247;32038;32285
4648;33820;38468
7830;36108;43938
6056;33211;39267
56;37352;37408
2609;19787;22396
8471;30745;39216
10387;18611;28998
11564;26069;37633
4187;27575;31762
1962;27561;29523
8722;34869;43591
7553;36121;43674
2885;38925;41810
12292;24544;36836
4241;23078;27319
8767;35309;44076
10594;31287;41881
8325;24499;32824
8220;22594;30814
4081;27786;31867
9382;32194;41576
3586;28310;31896
225;26277;26502
10852;36085;46937
4119;34312;38431
9933;22987;32920
1301;15286;16587
6641;28424;35065
3602;23261;26863
14884;18347;33231
7989;38842;46831
847;15669;16516
10572;33127;43699
14319;28394;42713
12081;26185;38266
12478;17411;29889
11497;25365;36862
5952;21449;27401
14111;39975;54086
11383;33651;45034
9793;17325;27118
5438;24951;30389
5256;21381;26637
12694;30070;42764
10755;33357;44112
552;34062;34614
6100;27799;33899
3325;32618;35943
10806;35987;46793
10434;25066;35500
8337;25310;33647
12476;32543;45019
1830;30539;32369
14715;27697;42412
8808;24648;33456
3522;37050;40572
6288;37128;43416
2436;34733;37169
5862;23506;29368
11121;20414;31535
6019;34015;40034
9568;24879;34447
8102;32658;40760
10483;22509;32992
14335;20375;34710
6123;26523;32646
6313;31371;37684
13510;27225;40735
9641;38825;48466
14667;30283;44950
10431;24042;34473
6128;27812;33940
7036;29216;36252
6518;30818;37336
657;27751;28408
3025;31519;34544
7314;24026;31340
2031;29092;31123
9000;33851;42851
9455;15710;25165
9484;27975;37459
9507;39090;48597
11770;32972;44742
13944;28914;42858
7161;22956;30117
6518;17964;24482
2170;22722;24892
14689;28365;43054
9599;15193;24792
3211;24999;28210
13233;35917;49150
1695;22269;23964
1766;37874;39640
3577;36433;40010
5606;32874;38480
2014;22431;24445
4906;20552;25458
10836;38239;49075
4233;27125;31358
3805;21794;25599
9187;27053;36240
4239;16942;21181
14194;25453;39647
1698;29112;30810
6531;22432;28963
7465;28412;35877
9884;28009;37893
7897;32603;40500
9154;23201;32355
11652;39544;51196
11138;26773;37911
2425;15056;17481
4642;36985;41627
3059;18663;21722
6478;36315;42793
12281;15126;27407
8994;31917;40911
10753;38467;49220
462;29860;30322
12641;29092;41733
4926;20110;25036
9389;17467;26856
12009;26603;38612
75;17918;17993
12766;29915;42681
11788;38453;50241
2517;17388;19905
14622;31618;46240
10380;26092;36472
10113;21217;31330
8150;30793;38943
6604;28505;35109
5866;28134;34000
1062;17785;18847
5394;38661;44055
7484;30048;37532
1873;37185;39058
8612;30733;39345
12709;31750;44459
6478;18404;24882
4737;23347;28084
6311;38240;44551
7159;25601;32760
3050;39161;42211
2058;39078;41136
5704;36364;42068
13830;16337;30167
2756;38731;41487
5344;28159;33503
6421;21236;27657
12544;18521;31065
10967;25572;36539
11727;31322;43049
14447;22106;36553
8844;22084;30928
12152;22464;34616
9471;17813;27284
5755;33636;39391
13878;27971;41849
1816;35287;37103
14582;28460;43042
10647;25327;35974
5937;39768;45705
11952;28139;40091
10677;21074;31751
13644;31590;45234
4558;38306;42864
4417;25610;30027
8581;38404;46985
1838;18646;20484
10628;20064;30692
11496;37669;49165
9793;25770;35563
13784;28862;42646
5663;25550;31213
12476;36790;49266
3289;37115;40404
2233;35660;37893
5976;16425;22401
10467;29475;39942
3065;36919;39984
9680;22757;32437
14549;28370;42919
7061;20747;27808
1842;18634;20476
14394;19818;34212
6415;23210;29625
8107;25798;33905
14108;22240;36348
9100;20956;30056
3119;19954;23073
12146;31603;43749
14737;23434;38171
14622;27606;42228
12921;27646;40567
11812;34532;46344
6693;24750;31443
13324;33054;46378
14462;23008;37470
13506;32397;45903
4184;34736;38920
8017;34813;42830
8804;30760;39564
5963;38140;44103
11111;26273;37384
723;28080;28803
8397;19551;27948
5280;24161;29441
631;33014;33645
5185;16354;21539
5022;19188;24210
7350;24910;32260
7489;15733;23222
4995;34071;39066
3933;36199;40132
1284;16440;17724
11760;32574;44334
10951;38693;49644
4270;18146;22416
8111;33000;41111
10534;39493;50027
598;30268;30866
3413;25372;28785
10500;20375;30875
3750;26226;29976
11620;30146;41766
1578;35676;37254
9699;25029;34728
14232;27237;41469
10742;34741;45483
10771;21219;31990
3024;31268;34292
9212;19650;28862
7184;23015;30199
8928;21748;30676
13394;21474;34868
14732;29004;43736
7394;25737;33131
8205;31398;39603
8520;22606;31126
14521;27266;41787
5803;39227;45030
9262;36987;46249
2901;29597;32498
7913;25633;33546
3442;22753;26195
4198;21912;26110
2393;33792;36185
12902;20629;33531
9948;22377;32325
12760;22671;35431
8537;30409;38946
12639;18899;31538
5737;15175;20912
4584;25775;30359
304;33052;33356
11434;36421;47855
8950;24827;33777
14254;36186;50440
4971;20623;25594
6456;37649;44105
9428;25521;34949
10165;27433;37598
5533;39008;44541
4440;23058;27498
5877;31746;37623
4051;34845;38896
1814;34611;36425
5261;22890;28151
8509;18491;27000
12381;31194;43575
13839;16870;30709
2295;18556;20851
1258;26442;27700
4313;37106;41419
4693;39152;43845
2625;39360;41985
3335;37124;40459
9182;31878;41060
11584;16460;28044
1583;32868;34451
14089;32036;46125
6974;35092;42066
2786;16908;19694
7095;32401;39496
3389;15910;19299
8423;24411;32834
7266;17998;25264
14213;20783;34996
9483;30018;39501
7608;17719;25327
1504;15598;17102
10784;15136;25920
7068;34375;41443
7393;23242;30635
6596;21215;27811
8956;18401;27357
6491;21177;27668
13768;24802;38570
11940;24239;36179
13096;22087;35183
7156;35767;42923
1282;30918;32200
3554;39381;42935
9149;26633;35782
13757;25511;39268
8690;15090;23780
123;35612;35735
12260;36087;48347
6297;25549;31846
12076;33076;45152
5547;25824;31371
10239;28997;39236
245;33607;33852
4266;37087;41353
5463;36671;42134
9099;15125;24224
2064;35626;37690
5327;24756;30083
12041;21903;33944
9441;20333;29774
14019;18575;32594
4563;16256;20819
9374;16613;25987
3217;38730;41947
6215;24060;30275
13008;15821;28829
9087;37278;46365
3467;22444;25911
7118;15442;22560
2787;24109;26896
8374;27345;35719
14712;22021;36733
13391;29373;42764
13180;17343;30523
10770;25617;36387
5920;27146;33066
9036;24988;34024
9057;25968;35025
11183;20164;31347
10212;15916;26128
11274;15890;27164
6167;33495;39662
9791;34354;44145
8116;30144;38260
10806;31203;42009
3386;36590;39976
444;35928;36372
4757;21221;25978
5608;33100;38708
7721;24303;32024
956;32726;33682
3713;21025;24738
9825;34922;44747
8986;39817;48803
6422;35803;42225
9317;22410;31727
11330;35832;47162
12370;31412;43782
11133;26448;37581
2357;19580;21937
5215;24114;29329
948;35763;36711
12106;26153;38259
12465;21018;33483
6345;17429;23774
6663;17218;23881
5009;35062;40071
2864;36658;39522
9343;22402;31745
7388;38899;46287
11409;38996;50405
12485;15649;28134
11178;20667;31845
9203;26892;36095
13674;33543;47217
12578;23264;35842
2634;17671;20305
8472;35107;43579
4235;22463;26698
9297;30044;39341
9309;26342;35651
6647;15736;22383
8542;36808;45350
7573;31475;39048
3948;19488;23436
13192;16617;29809
4500;39218;43718
6904;29024;35928
6450;23891;30341
7409;19972;27381
14474;32674;47148
1359;28026;29385
9346;38146;47492
14116;19550;33666
13265;37583;50848
9858;25827;35685
11038;33287;44325
11590;25198;36788
9517;34531;44048
1606;22922;24528
371;21476;21847
10703;21574;32277
6650;31185;37835
12231;15564;27795
5846;27767;33613
13519;29547;43066
5738;29585;35323
2160;31734;33894
9270;21065;30335
10499;36635;47134
13409;24624;38033
9656;22643;32299
1283;29536;30819
10706;30146;40852
3993;16524;20517
5060;24878;29938
9068;37786;46854
1082;22691;23773
9773;33468;43241
9650;22303;31953
5049;18663;23712
10813;35433;46246
6105;15709;21814
10176;24720;34896
12648;34018;46666
5834;25712;31546
3613;36365;39978
875;23398;24273
5288;37326;42614
14646;24385;39031
5430;35775;41205
1546;35369;36915
14732;37037;51769
709;18675;19384
9726;18750;28476
2001;18176;20177
4227;17552;21779
4542;27508;32050
4740;27827;32567
4592;22158;26750
4344;20306;24650
8575;27545;36120
4117;18198;22315
7616;19745;27361
10804;29924;40728
8728;36730;45458
7561;24348;31909
14618;31499;46117
3184;16060;19244
11217;33581;44798
1162;19581;20743
7494;23731;31225
4820;16068;20888
4436;37090;41526
1053;28735;29788
5454;20829;26283
4140;37629;41769
3965;18224;22189
3548;30854;34402
14169;36154;50323
3222;39706;42928
12239;19767;32006
5682;26429;32111
14048;17671;31719
4930;38091;43021
12271;39336;51607
8165;35491;43656
10304;39321;49625
14550;26087;40637
6692;37723;44415
6258;29627;35885
8782;23370;32152
4997;38270;43267
13748;17848;31596
13037;35430;48467
3594;29583;33177
10961;32662;43623
10913;24692;35605
10969;37398;48367
14527;28992;43519
2023;15259;17282
318;38336;38654
12622;36368;48990
12557;23546;36103
3578;39861;43439
1598;25657;27255
13270;28863;42133
8142;15436;23578
5341;39540;44881
3846;17777;21623
6984;33696;40680
2061;23451;25512
7865;30112;37977
4020;36329;40349
139;33649;33788
11514;20419;31933
4720;39865;44585
6099;17544;23643
2726;22451;25177
14159;30605;44764
6009;20904;26913
13438;26110;39548
12541;34236;46777
1922;33772;35694
5239;32703;37942
11746;23679;35425
2173;20816;22989
8966;20268;29234
3589;20138;23727
4168;30961;35129
13598;27907;41505
8256;22478;30734
1242;32562;33804
11148;34352;45500
2992;37929;40921
11310;37362;48672
5526;16694;22220
6440;28511;34951
2623;36007;38630
4191;19550;23741
6490;16683;23173
2862;27695;30557
10428;38970;49398
9113;34456;43569
8436;22466;30902
14273;39365;53638
2093;25143;27236
13904;27477;41381
5571;27420;32991
2277;24170;26447
971;18479;19450
12484;31288;43772
11642;22658;34300
13162;16282;29444
5837;15356;21193
13347;31367;44714
10551;19652;30203
4238;34403;38641
10718;34853;45571
11594;27387;38981
12115;36703;48818
2983;25696;28679
2875;33149;36024
6173;18675;24848
9979;29096;39075
12980;23045;36025
2380;38000;40380
8873;25228;34101
5407;37027;42434
4789;34187;38976
9085;29516;38601
2251;25283;27534
9147;20337;29484
7410;15100;22510
4912;15155;20067
5042;34223;39265
8965;15570;24535
1673;32494;34167
12623;26169;38792
12609;38840;51449
3610;18399;22009
10868;39286;50154
14152;19770;33922
3653;28940;32593
14405;24100;38505
11251;17798;29049
8832;34881;43713
11254;29280;40534
14323;28991;43314
9700;15514;25214
10485;21648;32133
2654;16508;19162
1589;24344;25933
12036;35347;47383
5523;32297;37820
11126;35600;46726
6104;37548;43652
8144;25469;33613
9865;39385;49250
9989;29605;39594
5413;23012;28425
5677;16968;22645
4356;18642;22998
12213;36424;48637
11187;23479;34666
1802;35190;36992
2730;36330;39060
10447;18742;29189
6593;24853;31446
3668;26344;30012
13992;16255;30247
11101;31391;42492
7087;16718;23805
11042;29860;40902
8150;32588;40738
8735;15581;24316
4005;32170;36175
4368;23690;28058
8713;30148;38861
13522;35177;48699
637;33854;34491
6227;33255;39482
14759;28921;43680
7348;31002;38350
14334;38256;52590
2773;19391;22164
9992;15008;25000
650;22322;22972
8547;31129;39676
303;22173;22476
3907;22903;26810
3335;25480;28815
3828;35596;39424
656;34814;35470
9681;32067;41748
3599;27297;30896
14551;38540;53091
6621;18718;25339
9227;15428;24655
2361;30218;32579
11552;20483;32035
157;24927;25084
7367;16623;23990
13670;21925;35595
14959;28955;43914
13009;36743;49752
10016;22592;32608
3549;36595;40144
4157;20008;24165
4844;34213;39057
9660;17939;27599
12508;20194;32702
6769;27757;34526
4888;28909;33797
8509;28208;36717
12342;19267;31609
5194;33254;38448
5717;16713;22430
9137;37812;46949
4262;23130;27392
2966;19971;22937
8226;37250;45476
10496;33948;44444
11053;33567;44620
11175;21455;32630
2468;32834;35302
7890;27294;35184
7499;23901;31400
3285;19511;22796
9391;37734;47125
4024;23853;27877
5493;26060;31553
5126;34629;39755
12427;18950;31377
4214;27302;31516
8599;36782;45381
14157;34742;48899
12852;29897;42749
10648;38679;49327
1481;36617;38098
10098;24902;35000
8710;27467;36177
2589;23932;26521
2340;34071;36411
6108;17790;23898
10275;34617;44892
14285;25145;39430
3033;35154;38187
14891;30001;44892
14668;29509;44177
7044;20218;27262
3663;37148;40811
6557;21136;27693
10379;29964;40343
9054;38952;48006
7643;28751;36394
14340;18673;33013
6674;20358;27032
14288;37409;51697
9173;31403;40576
1515;33813;35328
11108;15285;26393
5471;19356;24827
1630;22508;24138
8485;24653;33138
9845;33991;43836
6546;17810;24356
5909;17509;23418
8846;32368;41214
12592;28019;40611
11965;18384;30349
4184;30099;34283
11665;19334;30999
622;20140;20762
9938;34459;44397
7364;27179;34543
11653;16657;28310
13968;24022;37990
12468;26807;39275
5064;36980;42044
1223;31389;32612
2643;30604;33247
5387;39715;45102
5235;18452;23687
5371;31799;37170
8091;39673;47764
13326;28099;41425
4164;23089;27253
8144;24048;32192
2047;24621;26668
908;18909;19817
6081;34312;40393
11574;28810;40384
9391;39455;48846
13256;33485;46741
9834;29784;39618
4760;25626;30386
2456;25438;27894
7130;18970;26100
8204;25889;34093
3484;15203;18687
4967;17039;22006
1397;27597;28994
7478;34389;41867
7905;17780;25685
12323;23176;35499
4830;24918;29748
2924;38838;41762
12196;17505;29701
7197;21982;29179
7659;29394;37053
14835;17185;32020
4337;33502;37839
5890;35231;41121
1266;21105;22371
5691;38021;43712
9062;19648;28710
13380;15185;28565
10015;32904;42919
5511;29635;35146
5384;30564;35948
8304;28143;36447
8354;16122;24476
8773;21922;30695
8656;22098;30754
373;36561;36934
9011;35836;44847
1945;16574;18519
13923;31524;45447
6171;31341;37512
1032;30542;31574
12358;18526;30884
9557;37692;47249
1978;25451;27429
3356;21428;24784
5847;37192;43039
5107;23767;28874
13334;34044;47378
86;16139;16225
1838;23989;25827
12989;37070;50059
5072;33474;38546
2116;28109;30225
1018;19600;20618
8411;20409;28820
9134;24936;34070
9745;17158;26903
415;39666;40081
7100;15544;22644
1499;17040;18539
643;26956;27599
11229;19271;30500
12198;17723;29921
8233;37093;45326
8038;30644;38682
9600;35993;45593
6041;38719;44760
8855;26114;34969
7464;33893;41357
14983;15931;30914
11294;33831;45125
4743;19158;23901
6579;24766;31345
9724;20756;30480
188;35248;35436
7324;38970;46294
9309;33333;42642
10564;28890;39454
95;30141;30236
10702;22062;32764
2853;19286;22139
3454;26199;29653
10547;36295;46842
6437;24477;30914
7943;23856;31799
13842;35786;49628
7356;17868;25224
2088;25260;27348
6163;16622;22785
6889;35411;42300
13087;32942;46029
6616;25447;32063
4341;26413;30754
13003;30597;43600
8911;19553;28464
13376;30569;43945
4387;19958;24345
1656;32886;34542
2670;33052;35722
414;36938;37352
8052;21235;29287
3737;18853;22590
2693;33520;36213
14408;20395;34803
13772;39798;53570
8271;32527;40798
11853;18689;30542
14258;30676;44934
5686;36333;42019
2302;36900;39202
264;39659;39923
3316;35857;39173
11579;19416;30995
8739;28475;37214
12911;26890;39801
2438;21626;24064
13908;17015;30923
4245;23901;28146
3009;18553;21562
2025;26516;28541
5831;37167;42998
9317;39644;48961
10030;38659;48689
11229;17800;29029
6014;19649;25663
8233;25403;33636
3199;34286;37485
10451;38754;49205
10219;30372;40591
7996;22023;30019
6071;29991;36062
11793;16832;28625
3608;37735;41343
9323;30793;40116
8653;39849;48502
9117;17939;27056
14991;38065;53056
8783;24657;33440
2781;38369;41150
13088;22578;35666
7146;38171;45317
8577;38653;47230
2360;23488;25848
14144;19491;33635
13493;29534;43027
4276;27041;31317
2813;19143;21956
6533;20437;26970
14270;29425;43695
8385;16842;25227
10687;37160;47847
3882;39150;43032
13287;23099;36386
5285;27199;32484
5578;25428;31006
11380;28494;39874
3769;31430;35199
2943;26080;29023
8538;29023;37561
5395;22077;27472
7996;24041;32037
7972;20267;28239
2790;35122;37912
9595;35374;44969
14993;28384;43377
7793;29347;37140
10204;36744;46948
11792;39903;51695
900;27420;28320
4979;26115;31094
3340;26404;29744
10128;20303;30431
14812;22401;37213
6594;37852;44446
329;18682;19011
6581;17019;23600
8020;17226;25246
3438;23947;27385
9390;16606;25996
13775;23922;37697
1578;24239;25817
3255;24730;27985
6301;39359;45660
14938;20175;35113
5787;33163;38950
7133;21491;28624
7395;30660;38055
11130;23472;34602
759;29731;30490
12585;27559;40144
11609;33978;45587
14462;36901;51363
11830;36206;48036
10190;21170;31360
4;16033;16037
4044;31533;35577
3344;28342;31686
9946;39474;49420
1548;16760;18308
8131;38066;46197
9189;31602;40791
12567;37045;49612
1687;19147;20834
14155;17605;31760
5488;18729;24217
12870;38415;51285
13827;21605;35432
7392;36425;43817
8912;19047;27959
9746;19072;28818
6612;27491;34103
9160;39762;48922
5500;15410;20910
12626;23454;36080
3041;38653;41694
1397;38682;40079
5842;17359;23201
12226;24381;36607
12735;17536;30271
3575;25743;29318
2378;17311;19689
3776;33343;37119
3379;22505;25884
14189;28500;42689
10396;25403;35799
12045;39435;51480
2060;39196;41256
6060;17279;23339
5516;36242;41758
10435;22236;32671
5953;31167;37120
11549;19729;31278
10659;28888;39547
7356;38584;45940
10873;32148;43021
4422;37432;41854
4954;39109;44063
4306;38895;43201
4079;15609;19688
6650;38404;45054
5163;20380;25543
10496;16301;26797
8903;37753;46656
14304;30664;44968
9842;38120;47962
14891;38677;53568
12137;20668;32805
12933;26114;39047
11498;33092;44590
11693;21206;32899
2968;37659;40627
2712;36062;38774
1585;16219;17804
755;22854;23609
11077;33907;44984
11413;19362;30775
4476;25446;29922
14772;33119;47891
9296;35740;45036
531;28724;29255
9420;23169;32589
1868;33348;35216
8903;37840;46743
13979;18044;32023
13486;18898;32384
6865;30284;37149
7230;30766;37996
11367;24982;36349
13148;30835;43983
14267;30916;45183
14810;17054;31864
10773;37159;47932
11578;38959;50537
6344;35592;41936
422;27179;27601
10076;35892;45968
11589;17309;28898
11640;37568;49208
9613;21594;31207
424;35460;35884
3411;26427;29838
4443;24186;28629
9903;34808;44711
415;26810;27225
6684;34241;40925
2554;19315;21869
4327;21831;26158
1858;24513;26371
8976;17240;26216
12149;39826;51975
8854;35382;44236
14424;15987;30411
12056;39668;51724
6533;27391;33924
14530;26074;40604
10292;36161;46453
10103;34182;44285
13546;18626;32172
578;26965;27543
7106;26711;33817
14742;38410;53152
5166;18896;24062
10658;31555;42213
6124;35566;41690
13128;17749;30877
7542;18453;25995
6632;20872;27504
7418;33174;40592
7389;31334;38723
4775;36848;41623
6248;23075;29323
1172;24095;25267
7959;24977;32936
12074;25470;37544
9763;29024;38787
5235;35949;41184
14128;39189;53317
8546;31827;40373
13122;31253;44375
5178;15239;20417
3794;18437;22231
8513;25695;34208
8709;20862;29571
6087;29886;35973
4861;37627;42488
1308;30461;31769
6627;37567;44194
4139;16665;20804
12839;29989;42828
3646;32217;35863
13386;23866;37252
1085;31004;32089
12475;33770;46245
9275;27650;36925
11890;27972;39862
10616;26274;36890
4817;15618;20435
14921;27892;42813
3727;26787;30514
12628;29220;41848
1360;33814;35174
10639;20369;31008
3118;38897;42015
7405;30868;38273
7468;31040;38508
4626;30452;35078
10587;28628;39215
7107;24748;31855
14715;23067;37782
2794;28710;31504
1255;17603;18858
2138;23225;25363
13625;18584;32209
8798;16949;25747
1441;26753;28194
5195;22411;27606
7168;18773;25941
8280;35544;43824
12279;35547;47826
11822;32199;44021
7698;31942;39640
6335;37472;43807
7657;31672;39329
11700;28735;40435
1421;39819;41240
14732;15007;29739
12812;26200;39012
12147;26316;38463
12139;24904;37043
1379;19466;20845
13553;32099;45652
7269;24119;31388
6677;33616;40293
1349;35696;37045
13362;30441;43803
5470;25847;31317
5792;21465;27257
882;23325;24207
3770;35547;39317
8054;33723;41777
92;28410;28502
13154;32447;45601
9738;27270;37008
6174;33046;39220
6256;18483;24739
11912;33470;45382
6469;25871;32340
13850;16996;30846
12618;34004;46622
8429;16326;24755
1821;24558;26379
10589;39225;49814
4709;19702;24411
11270;29350;40620
784;29436;30220
5343;39367;44710
13733;21176;34909
10813;36346;47159
4629;30481;35110
6157;39006;45163
11825;22931;34756
14008;21714;35722
1204;30237;31441
3809;39084;42893
13339;23652;36991
10734;25237;35971
5218;29366;34584
14973;17479;32452
3736;17947;21683
9580;27498;37078
5002;22828;27830
7902;19149;27051
3839;36235;40074
13549;36278;49827
10575;25015;35590
12093;35580;47673
8536;32017;40553
10761;34551;45312
9449;22563;32012
8688;23442;32130
11667;22918;34585
2404;30824;33228
188;25460;25648
14513;16245;30758
5176;36933;42109
9711;36806;46517
2611;21534;24145
12474;20940;33414
11791;36381;48172
9991;17153;27144
697;34982;35679
14481;39602;54083
1783;34711;36494
14872;34144;49016
999;28515;29514
65;16038;16103
251;20878;21129
1455;35064;36519
13226;16588;29814
10567;28620;39187
5717;15336;21053
10163;20391;30554
2815;27446;30261
2889;30835;33724
3966;22152;26118
3739;38676;42415
13582;33658;47240
4482;36876;41358
11459;30034;41493
14045;24163;38208
14198;33228;47426
6357;16086;22443
5553;35953;41506
6217;19727;25944
8624;22865;31489
1262;18784;20046
14221;30850;45071
7583;23129;30712
10432;15704;26136
3279;22325;25604
9048;25858;34906
2122;32320;34442
1051;21981;23032
12091;15165;27256
4115;30177;34292
2518;23164;25682
620;15284;15904
13453;22762;36215
2742;27226;29968
9181;36544;45725
6578;18697;25275
12687;16424;29111
14031;35219;49250
9612;34208;43820
2531;34925;37456
7357;34850;42207
3043;25176;28219
4737;38720;43457
1975;31945;33920
1929;39771;41700
7575;20567;28142
13439;15065;28504
579;25465;26044
12305;18731;31036
13575;31758;45333
10734;29160;39894
566;16418;16984
10579;30256;40835
3204;32745;35949
13675;20721;34396
7513;23882;31395
12427;26746;39173
14071;18279;32350
13758;22948;36706
13692;18937;32629
7859;15810;23669
5973;18136;24109
5226;22516;27742
9572;30210;39782
11223;21818;33041
6800;31213;38013
6339;16001;22340
3989;18170;22159
8270;22370;30640
11093;28126;39219
4948;15487;20435
11763;36463;48226
2185;26083;28268
5873;38614;44487
12766;30083;42849
13986;19808;33794
13611;22761;36372
10216;27462;37678
1771;30580;32351
9525;26188;35713
11652;15402;27054
14860;28309;43169
2597;39835;42432
9988;37017;47005
333;39354;39687
1544;35965;37509
2281;25084;27365
13064;38297;51361
6454;30435;36889
13347;29789;43136
8544;18316;26860
4631;31980;36611
4750;33925;38675
3714;17278;20992
2816;30084;32900
2662;38211;40873
2530;36158;38688
1543;17462;19005
7920;32002;39922
14302;38549;52851
13929;26257;40186
246;39756;40002
6665;23866;30531
10816;29079;39895
14158;39117;53275
10840;32270;43110
12271;23481;35752
5349;24721;30070
11573;22372;33945
1484;18967;20451
14402;37235;51637
2619;16724;19343
276;29001;29277
12149;31530;43679
7154;21682;28836
11235;33097;44332
3000;23336;26336
5075;34424;39499
121;19068;19189
686;17258;17944
7663;29644;37307
5466;39808;45274
3228;35511;38739
12378;25258;37636
9645;27060;36705
7973;16774;24747
3141;35555;38696
5533;36803;42336
7920;21066;28986
10683;15826;26509
9957;18618;28575
74;17177;17251
11328;35597;46925
4108;27457;31565
5401;17736;23137
14033;21250;35283
454;21229;21683
573;25944;26517
13456;37043;50499
3653;29222;32875
14450;33731;48181
13820;26388;40208
2166;18189;20355
7560;21570;29130
8055;23618;31673
5860;37443;43303
668;38784;39452
4613;33609;38222
5347;33636;38983
4786;32469;37255
4911;37320;42231
14269;26005;40274
2505;34675;37180
4501;33932;38433
11007;24651;35658
1728;39684;41412
2723;21718;24441
11221;26284;37505
12110;17617;29727
7306;39652;46958
1506;16661;18167
11987;38238;50225
11287;21079;32366
13711;21174;34885
6073;15337;21410
10982;28548;39530
5489;25264;30753
9934;31974;41908
7582;34384;41966
6736;39606;46342
3557;26928;30485
2810;34389;37199
2533;29800;32333
13236;35284;48520
11626;37284;48910
13100;29801;42901
2870;29822;32692
13983;38334;52317
9743;28503;38246
5997;37234;43231
2785;39803;42588
14628;15994;30622
9622;32399;42021
11114;26445;37559
12940;20052;32992
14976;30727;45703
7806;38424;46230
7603;38512;46115
5323;39718;45041
149;29697;29846
2122;24899;27021
10402;26613;37015
9512;16729;26241
9533;15679;25212
14230;38712;52942
3870;25824;29694
9542;21679;31221
3318;27501;30819
2025;21567;23592
9548;15581;25129
7890;22162;30052
12019;15731;27750
4977;37965;42942
12122;20164;32286
5386;32357;37743
12790;36305;49095
2434;37592;40026
12884;36753;49637
9660;23260;32920
72;28957;29029
12731;28414;41145
5055;16988;22043
10348;24630;34978
8835;25344;34179
8828;26914;35742
873;29145;30018
13001;37145;50146
11603;30608;42211
400;35062;35462
6173;21674;27847
12459;39510;51969
11256;20533;31789
10259;29846;40105
9776;22232;32008
4026;20190;24216
5491;31686;37177
2503;15664;18167
6514;26080;32594
13455;39551;53006
13376;31052;44428
3170;17715;20885
7172;21126;28298
12201;26645;38846
13995;18237;32232
7479;18693;26172
8266;21476;29742
8876;38897;47773
635;31767;32402
588;25912;26500
13469;39831;53300
1627;39298;40925
6144;29006;35150
14897;32395;47292
2389;16658;19047
8906;16833;25739
6759;22859;29618
11329;34846;46175
11312;25241;36553
330;22768;23098
1766;39720;41486
4700;26676;31376
5087;27868;32955
9509;20208;29717
14758;29683;44441
14601;36568;51169
13837;20653;34490
10677;16894;27571
2424;22411;24835
14518;36225;50743
6730;37097;43827
1069;20047;21116
9222;38485;47707
13810;20086;33896
12790;28516;41306
2200;16289;18489
13506;37097;50603
11081;32930;44011
658;27050;27708
8881;24348;33229
4356;32124;36480
10854;16831;27685
13063;27767;40830
13521;21013;34534
11081;35415;46496
2308;26866;29174
6983;26288;33271
13677;26342;40019
8676;36747;45423
2000;27511;29511
13657;20223;33880
3830;35436;39266
7347;22802;30149
7789;15785;23574
11008;35641;46649
10213;16270;26483
14985;35420;50405
4899;16652;21551
4947;23352;28299
9053;29951;39004
5899;20143;26042
7693;39327;47020
9627;39910;49537
14267;22880;37147
1120;30712;31832
222;18434;18656
9475;37964;47439
14874;36354;51228
10715;38231;48946
1059;32825;33884
12656;33672;46328
8717;36084;44801
5969;19325;25294
13128;21270;34398
678;37153;37831
14897;16796;31693
13122;19158;32280
1991;20560;22551
10071;23640;33711
5155;32273;37428
2364;26378;28742
4872;18098;22970
14712;18825;33537
5868;17371;23239
9699;29739;39438
7832;31962;39794
14178;24722;38900
10721;35146;45867
11474;17489;28963
11001;20273;31274
1787;20821;22608
8608;26734;35342
10019;35175;45194
13216;28313;41529
6669;19022;25691
14069;25627;39696
9632;21471;31103
713;32106;32819
10498;19841;30339
2454;35142;37596
3887;29735;33622
8161;30388;38549
5373;26244;31617
696;15421;16117
8901;19063;27964
10847;39373;50220
7602;19708;27310
3451;16186;19637
11726;27683;39409
912;28177;29089
3538;15873;19411
5405;30720;36125
7992;38789;46781
10357;34426;44783
12169;26053;38222
2589;33923;36512
6484;16842;23326
8080;21586;29666
523;17121;17644
10119;25801;35920
10583;32545;43128
2922;32854;35776
7963;22999;30962
11390;36952;48342
9365;22424;31789
744;16768;17512
547;19804;20351
6188;31973;38161
10734;33888;44622
9996;23697;33693
11295;32180;43475
11269;34163;45432
232;18431;18663
14724;31099;45823
3139;18580;21719
12291;17298;29589
8899;27321;36220
10416;16036;26452
13211;30051;43262
388;19524;19912
3019;27660;30679
13194;36365;49559
13682;23461;37143
2205;16364;18569
8554;15945;24499
9659;37950;47609
8207;19320;27527
14738;26207;40945
11508;38788;50296
12178;32377;44555
11727;18677;30404
14630;25438;40068
1861;18334;20195
14118;16509;30627
14147;32731;46878
8817;27332;36149
7439;22599;30038
11184;20318;31502
2205;37201;39406
12087;39956;52043
9479;20911;30390
3486;21992;25478
4191;18892;23083
830;23346;24176
7435;33800;41235
10612;26548;37160
12751;29852;42603
11814;30789;42603
10074;33503;43577
13960;15986;29946
9397;15282;24679
12308;20888;33196
8341;19804;28145
9804;24373;34177
12442;30168;42610
6771;15263;22034
3256;24175;27431
9875;34204;44079
2012;26880;28892
12335;29908;42243
117;34513;34630
2466;37320;39786
2650;36968;39618
9703;32196;41899
6729;36381;43110
905;23760;24665
7050;19518;26568
10483;20881;31364
13659;29589;43248
5766;36751;42517
12393;17960;30353
2121;19581;21702
8642;27981;36623
8426;35663;44089
7090;36914;44004
406;16547;16953
12937;31135;44072
14628;36416;51044
6890;31861;38751
11555;16014;27569
14312;19915;34227
9213;27783;36996
905;38338;39243
6355;39338;45693
9602;33450;43052
7165;33698;40863
12392;33894;46286
146;37626;37772
4229;37679;41908
6808;36033;42841
1748;17371;19119
2229;37694;39923
10834;18303;29137
12099;31063;43162
8194;27113;35307
2473;29915;32388
7106;32088;39194
12960;34137;47097
3535;36103;39638
1982;30755;32737
9510;29024;38534
6407;27101;33508
13051;38301;51352
1294;27111;28405
13852;39158;53010
6534;17229;23763
3483;30805;34288
13797;22102;35899
12216;22954;35170
4759;35835;40594
5040;24971;30011
12003;25464;37467
362;16331;16693
11320;32471;43791
9296;35766;45062
10619;15246;25865
3610;35593;39203
6569;35696;42265
6451;37070;43521
4201;17382;21583
12135;33937;46072
4751;30383;35134
12522;17570;30092
2136;19013;21149
1401;29802;31203
3697;29665;33362
115;21788;21903
12716;22429;35145
7584;17040;24624
10494;39694;50188
9832;21841;31673
5935;37798;43733
1678;32682;34360
11070;36454;47524
11457;30832;42289
9680;17218;26898
170;26304;26474
4084;38138;42222
6118;35092;41210
3193;19327;22520
4448;22090;26538
2260;16657;18917
9038;33931;42969
5927;24128;30055
9277;39183;48460
14873;30797;45670
1355;19982;21337
2964;23393;26357
11723;16926;28649
3544;22054;25598
1047;33753;34800
7626;23115;30741
4048;16521;20569
13155;35195;48350
7500;29352;36852
5575;38677;44252
410;39899;40309
8791;28397;37188
4035;17331;21366
6496;33144;39640
4161;31242;35403
6430;17705;24135
7484;18824;26308
8791;30070;38861
6429;31563;37992
2701;38106;40807
8632;30251;38883
9860;33474;43334
10918;17047;27965
6305;39088;45393
6193;39973;46166
557;20974;21531
5541;20524;26065
11416;24797;36213
8378;36169;44547
9325;35270;44595
12685;16397;29082
9730;32152;41882
8553;29100;37653
8923;35723;44646
492;25471;25963
14946;39396;54342
4991;23810;28801
13593;31040;44633
1151;29955;31106
13351;35463;48814
10628;31803;42431
6066;29808;35874
10989;23125;34114
5419;39208;44627
6241;35188;41429
10122;26974;37096
12631;36942;49573
6605;32455;39060
10579;28971;39550
7321;36016;43337
1687;39501;41188
9918;19068;28986
3998;20245;24243
8471;33032;41503
9991;33727;43718
10946;16811;27757
3066;20551;23617
14920;38763;53683
3809;32366;36175
2372;21325;23697
7578;25274;32852
11788;22098;33886
9964;28972;38936
3225;35220;38445
11832;34355;46187
3549;23391;26940
11720;29277;40997
11755;37304;49059
14225;28538;42763
221;28735;28956
791;29059;29850
13424;24757;38181
2812;28969;31781
924;28449;29373
6708;26058;32766
5853;29045;34898
11182;21116;32298
8654;17546;26200
13559;29378;42937
6428;17587;24015
13307;31711;45018
1022;33876;34898
1620;24417;26037
6396;18026;24422
2417;37373;39790
14538;34921;49459
9089;18107;27196
1287;34722;36009
12519;28028;40547
5113;27542;32655
8064;39656;47720
4295;24677;28972
535;19485;20020
11601;37521;49122
10121;38822;48943
1929;18514;20443
582;17348;17930
8805;35148;43953
9251;17656;26907
1462;33388;34850
9398;15713;25111
14621;31996;46617
8292;15485;23777
13490;24844;38334
3397;38085;41482
9558;31089;40647
11446;26580;38026
9128;35964;45092
3975;38677;42652
9388;15720;25108
5048;36701;41749
13113;37192;50305
4014;32501;36515
4147;30014;34161
4252;24244;28496
4226;20288;24514
14181;24962;39143
1387;16831;18218
13;25159;25172
14826;16286;31112
10684;20644;31328
7550;16674;24224
3521;30798;34319
7183;20410;27593
12212;21326;33538
421;29854;30275
14885;15750;30635
13132;26797;39929
11508;38318;49826
13340;26249;39589
9479;32063;41542
7527;18908;26435
14782;35836;50618
8542;25359;33901
14037;33370;47407
5331;23343;28674
13716;20278;33994
10880;15398;26278
1528;24579;26107
2855;25358;28213
6795;19183;25978
1843;27885;29728
3992;32268;36260
7128;33482;40610
3713;31885;35598
11956;38114;50070
5464;27860;33324
10714;20390;31104
3482;20550;24032
7792;33647;41439
57;37812;37869
11000;36976;47976
6202;16304;22506
13968;34991;48959
6655;16437;23092
1380;32606;33986
10074;20867;30941
1022;20613;21635
3356;19639;22995
5374;38601;43975
8293;34794;43087
381;23590;23971
1239;31341;32580
6125;18222;24347
7055;19454;26509
14233;36073;50306
9750;23148;32898
9990;29226;39216
3967;39072;43039
14542;23566;38108
6399;36139;42538
10922;31270;42192
3906;33560;37466
9506;35511;45017
10777;37027;47804
8419;18054;26473
9069;18654;27723
13846;29040;42886
1078;27118;28196
3656;36071;39727
3286;22469;25755
3196;25226;28422
14459;18020;32479
2094;29804;31898
5933;29893;35826
4753;27899;32652
4826;16994;21820
9606;32335;41941
9288;28251;37539
1543;33317;34860
8883;16408;25291
9048;27502;36550
8298;22644;30942
6890;25816;32706
9268;19294;28562
4301;36305;40606
8301;21176;29477
14607;26015;40622
9716;39940;49656
11858;30659;42517
2329;33447;35776
2426;29971;32397
7447;27608;35055
1047;23286;24333
13764;21529;35293
3743;30693;34436
9575;33479;43054
3229;19134;22363
8905;24647;33552
1002;19161;20163
14007;39079;53086
13421;21561;34982
13636;15623;29259
540;17037;17577
7152;27460;34612
10035;21950;31985
14288;28811;43099
3044;27218;30262
4976;18395;23371
645;34393;35038
634;27484;28118
4837;35646;40483
13400;23338;36738
10777;36042;46819
11432;19643;31075
7021;34126;41147
13498;38983;52481
12813;29514;42327
13436;38874;52310
14784;33969;48753
12342;33615;45957
1801;31351;33152
9873;19736;29609
3988;33551;37539
14436;17489;31925
3367;38990;42357
13792;23720;37512
2398;15256;17654
9;33322;33331
10193;18179;28372
5409;36316;41725
7196;28829;36025
6188;36923;43111
14666;19678;34344
7239;36318;43557
10383;26465;36848
5790;38939;44729
8470;28191;36661
12045;27815;39860
5409;37642;43051
13335;21936;35271
1190;34397;35587
12781;26595;39376
809;19950;20759
12819;16334;29153
1768;38087;39855
9438;22889;32327
2816;32905;35721
14475;30129;44604
12607;17586;30193
10;31153;31163
14555;22078;36633
8138;36733;44871
13523;33419;46942
7469;38172;45641
1223;28009;29232
14535;28977;43512
8627;29673;38300
11771;32962;44733
4832;18531;23363
3250;34991;38241
12403;38505;50908
5581;39007;44588
8288;39225;47513
2473;25272;27745
6507;35399;41906
1566;18793;20359
9322;30696;40018
5566;18154;23720
1191;24226;25417
13397;33832;47229
10629;17574;28203
2085;19207;21292
4294;39978;44272
4138;31591;35729
3510;37478;40988
6882;22536;29418
4952;16268;21220
11734;21025;32759
4074;15929;20003
1277;18456;19733
14957;18419;33376
3537;35554;39091
9758;25942;35700
13671;21468;35139
11688;26655;38343
10917;35247;46164
5227;23220;28447
3165;37150;40315
13912;15412;29324
10522;29599;40121
10209;31382;41591
6801;36249;43050
4883;26780;31663
13690;31131;44821
9105;28996;38101
11077;32174;43251
8381;27813;36194
1851;21212;23063
2419;29621;32040
10678;22187;32865
12680;21585;34265
7003;35958;42961
875;34559;35434
8126;24572;32698
9364;33054;42418
10101;28357;38458
9011;38445;47456
9942;31900;41842
4623;22643;27266
1414;15727;17141
8581;34100;42681
11193;18209;29402
533;15116;15649
3857;28096;31953
9867;22420;32287
14740;39868;54608
537;22650;23187
3379;38815;42194
6601;18238;24839
8820;28091;36911
13964;36386;50350
7914;18681;26595
5317;18014;23331
5926;33288;39214
3784;16599;20383
11875;39316;51191
12233;36402;48635
9081;17160;26241
1234;24159;25393
11838;29608;41446
7612;36989;44601
9890;32520;42410
13071;18897;31968
12971;16835;29806
3486;35387;38873
8467;25474;33941
7137;18329;25466
7598;21094;28692
7223;35064;42287
2368;24092;26460
3072;35747;38819
11846;28503;40349
7899;34181;42080
12295;25560;37855
5827;25503;31330
2684;18143;20827
3115;20272;23387
9736;36059;45795
10812;31776;42588
11661;28808;40469
609;31693;32302
3181;33937;37118
10344;24021;34365
9580;18289;27869
8308;21960;30268
13657;37234;50891
11210;24043;35253
9662;24852;34514
4540;18045;22585
6627;29268;35895
14492;24586;39078
7787;19823;27610
4163;29340;33503
8550;31322;39872
2482;18246;20728
2384;31848;34232
13340;37037;50377
12130;20889;33019
2024;31981;34005
12818;16693;29511
10080;21094;31174
8885;20902;29787
3407;31803;35210
7244;24891;32135
12759;28760;41519
6676;20570;27246
1818;18149;19967
90;28307;28397
9932;25973;35905
889;38849;39738
5017;33692;38709
4730;27247;31977
2502;35386;37888
621;21589;22210
7153;27167;34320
8403;28017;36420
8088;33860;41948
6499;33434;39933
4916;16927;21843
14449;26909;41358
13710;37137;50847
9755;24177;33932
14033;15805;29838
2176;31655;33831
4099;24613;28712
12128;25173;37301
9724;18411;28135
924;34779;35703
3113;29168;32281
3330;18073;21403
3113;15398;18511
2370;32851;35221
13072;24075;37147
2706;38888;41594
2909;16422;19331
6079;19283;25362
12495;17667;30162
4086;33438;37524
1603;35013;36616
8145;15356;23501
7247;27267;34514
9235;28068;37303
3689;37866;41555
3430;17072;20502
2127;15814;17941
3487;29439;32926
14624;35697;50321
379;32141;32520
4162;29390;33552
4393;17734;22127
705;32113;32818
10217;34683;44900
14562;36844;51406
14859;21777;36636
3123;20431;23554
6677;35765;42442
793;39267;40060
13395;29821;43216
9100;25403;34503
10134;16871;27005
9799;29139;38938
10932;22319;33251
12841;33690;46531
1094;29073;30167
14443;17689;32132
5398;28300;33698
3309;17773;21082
5964;39608;45572
4185;32798;36983
10841;17775;28616
1268;19865;21133
14276;19960;34236
11868;22739;34607
7582;29923;37505
14716;21162;35878
3488;30611;34099
9827;33812;43639
13261;26420;39681
12377;32618;44995
3891;37473;41364
8477;16534;25011
6247;16945;23192
2500;25351;27851
13675;25501;39176
9637;33360;42997
4077;23994;28071
2175;29012;31187
13448;17048;30496
8288;36834;45122
8786;20512;29298
1873;23172;25045
13777;24059;37836
14207;18001;32208
10275;29809;40084
8705;31798;40503
4715;39725;44440
14636;33344;47980
8187;35890;44077
4821;18236;23057
12778;25492;38270
6844;17083;23927
5442;28156;33598
5702;22035;27737
6009;38954;44963
5120;35723;40843
8270;28377;36647
2720;32013;34733
14748;17984;32732
9108;22559;31667
12825;21068;33893
201;38227;38428
5856;20148;26004
12241;37838;50079
10531;24212;34743
6985;36839;43824
11755;16572;28327
3181;16132;19313
629;26881;27510
14546;19024;33570
750;25914;26664
13136;32239;45375
1882;17879;19761
7267;33883;41150
7167;24695;31862
6009;26547;32556
7702;23798;31500
13037;33935;46972
3689;20680;24369
986;38326;39312
13744;16467;30211
525;19256;19781
3150;34754;37904
3872;21237;25109
10304;37852;48156
5566;36520;42086
2918;36426;39344
10757;24473;35230
9406;19750;29156
6864;32373;39237
8446;31355;39801
5468;38512;43980
10919;27325;38244
7720;31024;38744
8733;17144;25877
698;35735;36433
10059;17530;27589
13513;25505;39018
2084;17122;19206
3654;29636;33290
7399;31295;38694
1474;37263;38737
13472;27194;40666
3663;30450;34113
7353;38720;46073
5108;20251;25359
12859;32414;45273
2210;16941;19151
5271;33974;39245
3084;28249;31333
13718;22667;36385
2348;22754;25102
10128;39275;49403
7456;23136;30592
6934;15764;22698
5591;37409;43000
11867;33232;45099
3018;34099;37117
2054;21129;23183
13810;31558;45368
9643;15736;25379
10408;21517;31925
8269;22948;31217
10333;24554;34887
9013;35424;44437
5754;24833;30587
13688;23084;36772
2496;33993;36489
7409;39589;46998
5127;31286;36413
12631;20834;33465
518;20318;20836
10394;28388;38782
3314;21761;25075
14736;20078;34814
3668;18226;21894
12314;26690;39004
13870;21286;35156
14840;27809;42649
14920;25717;40637
12459;31344;43803
14880;38586;53466
3033;16699;19732
13893;39209;53102
9319;29744;39063
13654;23398;37052
14355;17933;32288
2207;28737;30944
271;20196;20467
1145;24205;25350
6598;29485;36083
882;23091;23973
9756;34663;44419
1571;28133;29704
5769;36664;42433
6944;20295;27239
3855;25922;29777
1168;27762;28930
2253;39409;41662
12060;18197;30257
3174;38148;41322
12895;19755;32650
2769;29375;32144
6130;28561;34691
6317;35226;41543
8070;27253;35323
813;35968;36781
13427;27519;40946
1652;29577;31229
2167;17972;20139
6955;28284;35239
8325;30515;38840
9294;35830;45124
14751;15957;30708
1902;19290;21192
7179;33995;41174
6499;35917;42416
9724;37847;47571
586;29957;30543
5195;25078;30273
69;26744;26813
8274;31368;39642
7151;32686;39837
9389;37047;46436
454;21592;22046
4790;35187;39977
14848;36560;51408
8854;23664;32518
10791;34437;45228
7437;36942;44379
1607;38702;40309
9236;31717;40953
1636;34088;35724
4599;34495;39094
2786;17019;19805
11813;36789;48602
8731;21274;30005
9251;24468;33719
9198;26293;35491
13025;23826;36851
8259;35279;43538
7620;15565;23185
8776;16821;25597
8063;26401;34464
11858;26955;38813
4355;34437;38792
11987;32399;44386
10205;27964;38169
12822;35825;48647
2978;38956;41934
7736;33150;40886
12478;20933;33411
1126;34634;35760
6592;21855;28447
2837;34850;37687
9784;19288;29072
10480;24002;34482
783;15417;16200
7617;36631;44248
3521;30655;34176
6549;27951;34500
9546;38400;47946
14925;18895;33820
2478;16926;19404
3293;24032;27325
8609;15358;23967
13558;32167;45725
5599;24863;30462
5447;19183;24630
11356;35145;46501
7325;25646;32971
9891;19374;29265
11119;32437;43556
8015;15375;23390
310;33121;33431
12782;38687;51469
3644;16439;20083
7219;18086;25305
2514;37381;39895
12883;15752;28635
14159;16307;30466
14257;28790;43047
2182;25564;27746
10277;25596;35873
14343;31701;46044
14506;26978;41484
10531;24196;34727
11979;38802;50781
8839;18196;27035
10695;38534;49229
2614;19208;21822
4338;25421;29759
9851;23605;33456
3886;34035;37921
11806;33700;45506
2803;18338;21141
7986;37277;45263
12052;20205;32257
162;35644;35806
3565;26630;30195
9881;20011;29892
3848;24579;28427
5954;28129;34083
7809;30681;38490
1506;39114;40620
3840;29174;33014
8108;34720;42828
12413;20845;33258
8916;18564;27480
14032;29361;43393
13362;21857;35219
9382;24076;33458
3357;15441;18798
6998;30752;37750
3667;25622;29289
10664;27311;37975
269;31996;32265
13912;20027;33939
12364;37162;49526
11218;21119;32337
1092;22358;23450
10427;24994;35421
102;16116;16218
4769;30600;35369
13432;22179;35611
5676;22764;28440
1568;23184;24752
8033;17159;25192
1821;23193;25014
7092;35332;42424
10372;24586;34958
7331;39121;46452
1303;17746;19049
4220;27924;32144
12099;15161;27260
5067;17297;22364
2037;36702;38739
13994;23109;37103
129;28204;28333
1831;31424;33255
13710;25856;39566
7207;17131;24338
7103;18383;25486
11424;34111;45535
292;34818;35110
2851;30559;33410
13271;23543;36814
4576;20446;25022
376;39143;39519
4201;17646;21847
11169;24981;36150
11498;22808;34306
2564;20321;22885
8174;34850;43024
12814;15964;28778
14116;26706;40822
12512;37203;49715
6614;22158;28772
102;36362;36464
9143;21128;30271
1552;19485;21037
14954;23830;38784
11912;30364;42276
9685;18782;28467
5322;22033;27355
10120;30031;40151
13555;18540;32095
13898;23220;37118
1769;18976;20745
2971;29653;32624
8841;18472;27313
13815;15076;28891
6588;16559;23147
12393;28186;40579
14139;15587;29726
5419;32726;38145
7996;35766;43762
13665;38284;51949
14095;31293;45388
3908;25675;29583
9467;34634;44101
963;35793;36756
4521;39252;43773
277;31241;31518
9335;17660;26995
3774;23477;27251
11884;16513;28397
8578;24753;33331
1301;32909;34210
6748;37035;43783
5941;33466;39407
8471;28123;36594
748;19958;20706
7386;22934;30320
11232;16214;27446
2075;25138;27213
8854;17171;26025
4267;35271;39538
12772;30442;43214
12684;36160;48844
14150;19322;33472
5281;18857;24138
10732;27200;37932
6243;32703;38946
3683;19646;23329
5642;17752;23394
14886;35431;50317
11566;28961;40527
10680;18390;29070
1416;20975;22391
11984;30827;42811
1898;34086;35984
3161;30258;33419
1543;15496;17039
14217;32289;46506
1263;35813;37076
5604;27245;32849
2640;31227;33867
5006;29721;34727
13687;29016;42703
7068;38575;45643
501;35700;36201
9146;32918;42064
6156;15991;22147
13543;38436;51979
7416;31032;38448
3314;26059;29373
13564;24377;37941
4165;27370;31535
1989;33812;35801
14329;29267;43596
382;20863;21245
6636;37343;43979
554;28455;29009
14765;25128;39893
11707;34264;45971
12536;15087;27623
3501;15861;19362
5886;37885;43771
14048;17526;31574
6832;37394;44226
5609;39960;45569
7542;36596;44138
5113;22595;27708
1090;34522;35612
6001;19448;25449
6437;39190;45627
7806;37748;45554
14677;22009;36686
3604;26496;30100
744;27716;28460
8332;24659;32991
2583;32714;35297
2731;29014;31745
8688;31136;39824
9397;29958;39355
10858;35071;45929
2201;29839;32040
11131;21979;33110
2054;27937;29991
5661;35430;41091
11870;38367;50237
1193;19289;20482
3116;26279;29395
11865;20745;32610
2955;27951;30906
10319;38291;48610
2271;20114;22385
1597;17304;18901
7408;39391;46799
10387;18404;28791
10345;20587;30932
1906;18075;19981
11128;39597;50725
11718;37767;49485
5100;22056;27156
2323;37783;40106
8339;18900;27239
6170;22256;28426
13403;35166;48569
6592;33969;40561
3191;39221;42412
10354;26023;36377
9290;34778;44068
3338;32946;36284
1479;39309;40788
3306;38539;41845
4761;18099;22860
3242;15337;18579
6742;21478;28220
4909;31097;36006
7848;38954;46802
3316;21180;24496
8159;37915;46074
10878;25809;36687
13521;18328;31849
4761;38942;43703
1711;23520;25231
13806;19517;33323
14568;30570;45138
2543;22587;25130
5855;32133;37988
14061;30585;44646
14749;35075;49824
420;38176;38596
12951;26026;38977
7005;33602;40607
11029;34238;45267
8018;21301;29319
1072;30640;31712
10425;20809;31234
2778;17349;20127
6390;38144;44534
13065;39897;52962
10915;28567;39482
7164;31003;38167
7341;36454;43795
10916;20553;31469
12278;20823;33101
12908;38739;51647
3002;33390;36392
9352;32236;41588
1216;21991;23207
10534;21978;32512
9638;35479;45117
5076;39763;44839
12529;34226;46755
4281;18258;22539
5572;25126;30698
10415;19396;29811
485;24664;25149
8162;24503;32665
2783;39572;42355
7410;19619;27029
13548;36399;49947
11959;18531;30490
2078;15350;17428
13202;37540;50742
5168;17820;22988
14115;32935;47050
11505;21352;32857
11977;29412;41389
3787;38990;42777
5593;38287;43880
8859;26174;35033
11040;28457;39497
7096;28620;35716
3801;29855;33656
6677;17191;23868
1309;24821;26130
670;32193;32863
12554;17494;30048
11386;25775;37161
7989;18782;26771
13917;23960;37877
5044;39416;44460
11835;24042;35877
1510;16569;18079
7391;39565;46956
10814;26431;37245
14327;21572;35899
11415;32728;44143
8160;20789;28949
7186;17227;24413
4825;31494;36319
13177;17799;30976
3150;34529;37679
9538;35453;44991
4980;25637;30617
13962;21506;35468
5046;20705;25751
12002;35303;47305
6118;35332;41450
7941;19550;27491
3883;19130;23013
7645;24377;32022
14884;16576;31460
11397;32710;44107
4978;18858;23836
14336;18682;33018
9179;38022;47201
5667;16282;21949
10268;36540;46808
5143;16294;21437
1921;36557;38478
3520;29198;32718
14134;38509;52643
5281;36025;41306
5698;37299;42997
5211;31123;36334
8849;21138;29987
2545;19108;21653
3193;22126;25319
9233;35401;44634
10519;18930;29449
481;19124;19605
7919;33416;41335
192;23104;23296
14519;33660;48179
133;27258;27391
10138;28777;38915
240;19112;19352
12024;35888;47912
1428;24342;25770
4085;17720;21805
5567;18665;24232
489;33585;34074
13814;26895;40709
3375;22593;25968
12313;15432;27745
8792;22240;31032
8153;39085;47238
12803;35940;48743
2237;17550;19787
14176;25444;39620
10965;20104;31069
9672;19946;29618
1754;21853;23607
2310;35397;37707
9170;21951;31121
6627;35557;42184
1031;24109;25140
4393;25451;29844
8964;37903;46867
14024;21619;35643
4481;20377;24858
9188;35408;44596
13707;28267;41974
11763;18895;30658
11241;15582;26823
7501;26248;33749
721;16556;17277
500;20328;20828
13317;15766;29083
10798;29640;40438
10206;34326;44532
8302;15177;23479
8351;33595;41946
1665;19254;20919
5116;28269;33385
11416;21742;33158
8466;24959;33425
13760;33367;47127
5307;36442;41749
8418;33011;41429
11508;22262;33770
14698;29049;43747
8287;25838;34125
8393;21492;29885
6356;21711;28067
12202;38814;51016
3744;29465;33209
14032;19077;33109
12367;26911;39278
241;18947;19188
589;32090;32679
1253;18276;19529
13451;24101;37552
1565;21404;22969
4874;23967;28841
14326;33007;47333
192;29077;29269
6140;27974;34114
2442;27156;29598
11717;24622;36339
2567;36700;39267
12360;24945;37305
526;25391;25917
3738;25593;29331
12176;23277;35453
9000;38740;47740
6659;31013;37672
14822;39088;53910
14551;19152;33703
12338;25466;37804
8036;19976;28012
845;26723;27568
9699;17463;27162
10395;28183;38578
8996;24358;33354
913;27024;27937
5937;36217;42154
6829;24685;31514
5524;35185;40709
11284;38879;50163
8862;32871;41733
8686;26525;35211
2240;34086;36326
13408;23145;36553
4700;34483;39183
6120;36391;42511
426;15025;15451
12242;27351;39593
612;16016;16628
4273;23520;27793
6969;26194;33163
7226;19814;27040
14819;20662;35481
4770;21608;26378
6537;25428;31965
5294;34871;40165
4310;21717;26027
10237;38924;49161
704;35941;36645
10278;25148;35426
3773;17743;21516
13245;24180;37425
3029;18760;21789
9368;36929;46297
4356;17018;21374
433;29435;29868
12195;32356;44551
13861;16316;30177
4933;24746;29679
685;27055;27740
10797;18960;29757
12192;21093;33285
10677;19716;30393
7560;29238;36798
10789;18157;28946
5063;22676;27739
13074;33878;46952
3241;17649;20890
9773;31247;41020
7931;21457;29388
10654;30915;41569
3962;34241;38203
13842;35607;49449
7966;24337;32303
9903;20087;29990
10229;30354;40583
8837;25974;34811
14203;30216;44419
4238;26546;30784
10818;22984;33802
12776;31712;44488
2510;31968;34478
5483;33940;39423
95;33905;34000
11504;21782;33286
13397;37923;51320
2966;33740;36706
1808;35271;37079
13451;23656;37107
2355;19627;21982
6089;17989;24078
5141;38965;44106
3786;36475;40261
2806;31217;34023
6253;23992;30245
13574;20981;34555
11484;24755;36239
5850;35044;40894
11398;26989;38387
8076;28490;36566
4789;35742;40531
10076;17760;27836
5402;23546;28948
960;24524;25484
3077;17823;20900
6820;32485;39305
982;29725;30707
1354;28438;29792
10776;25297;36073
1515;27982;29497
4166;29283;33449
5994;37289;43283
14263;26688;40951
4403;27329;31732
12187;26771;38958
11108;28268;39376
673;15506;16179
14949;28764;43713
12980;34825;47805
8948;26299;35247
11911;16299;28210
6328;38425;44753
5963;16168;22131
10241;32605;42846
11518;19826;31344
5149;22509;27658
4053;34563;38616
3864;31990;35854
12812;27062;39874
8330;22290;30620
12883;32714;45597
12567;29938;42505
1001;33932;34933
10105;39627;49732
4146;20711;24857
13256;27185;40441
4823;21467;26290
6084;32534;38618
12731;34005;46736
6276;27270;33546
14621;39181;53802
2949;19781;22730
6133;15455;21588
10575;28775;39350
4896;24310;29206
1402;39253;40655
591;31578;32169
7079;18375;25454
9572;24080;33652
8683;30638;39321
2994;33107;36101
5127;39128;44255
1619;35036;36655
6946;31443;38389
14824;36438;51262
11019;37575;48594
2394;39047;41441
2816;39544;42360
1356;26361;27717
2578;21003;23581
5447;15476;20923
11678;28207;39885
12835;25964;38799
11302;16226;27528
4110;34847;38957
844;31185;32029
810;18685;19495
8845;22823;31668
7039;22647;29686
5793;19940;25733
1662;25397;27059
3549;23458;27007
7870;15815;23685
9907;26365;36272
2393;24995;27388
8084;31848;39932
14099;22424;36523
356;38881;39237
370;21839;22209
8108;31256;39364
4822;15510;20332
1908;29368;31276
4047;34101;38148
678;28220;28898
12876;23002;35878
8502;16975;25477
5044;32139;37183
8577;30951;39528
14430;37917;52347
14937;28168;43105
4931;29806;34737
2806;29654;32460
14247;37567;51814
1905;26369;28274
6039;32098;38137
4078;35421;39499
12837;31254;44091
4210;21481;25691
5867;33635;39502
10899;16368;27267
8429;17851;26280
4398;15325;19723
6072;33175;39247
6853;27116;33969
2229;34894;37123
12715;15128;27843
1351;39999;41350
1337;24044;25381
5085;37586;42671
8124;17861;25985
2660;31102;33762
11320;31867;43187
2791;29617;32408
3722;35886;39608
10164;31063;41227
4231;16140;20371
9847;29135;38982
14045;37781;51826
13938;29125;43063
12202;23691;35893
14409;31230;45639
12014;34015;46029
3774;27594;31368
464;25631;26095
1253;36047;37300
847;33931;34778
13560;35506;49066
772;30351;31123
1547;20814;22361
11069;25109;36178
11945;28799;40744
5703;25033;30736
6282;25171;31453
3401;26545;29946
11584;28003;39587
9370;19931;29301
1702;17504;19206
402;21595;21997
10519;16995;27514
11076;21462;32538
9538;34035;43573
12358;34733;47091
3644;30883;34527
7904;35719;43623
6045;15307;21352
865;39992;40857
2634;15298;17932
6240;23004;29244
14814;32582;47396
13070;17828;30898
14515;31275;45790
12349;21069;33418
10661;37712;48373
13580;23916;37496
8104;33624;41728
1711;38401;40112
12348;29394;41742
5132;15987;21119
11300;27725;39025
2555;25885;28440
1717;28034;29751
12894;16708;29602
7969;29727;37696
10982;33441;44423
6240;25323;31563
14890;22615;37505
10864;34697;45561
1411;22161;23572
8528;20114;28642
9072;39382;48454
8532;35050;43582
12214;22353;34567
6209;34879;41088
9441;17297;26738
6607;19117;25724
12086;17070;29156
5145;33441;38586
10501;29221;39722
12126;22120;34246
12226;21725;33951
3425;32838;36263
4759;26378;31137
3218;32782;36000
13830;32820;46650
5256;23132;28388
4097;28732;32829
13222;31989;45211
11969;36394;48363
10959;30846;41805
9817;31324;41141
1498;16750;18248
14504;15520;30024
8482;32704;41186
3991;25530;29521
3733;19721;23454
14340;23391;37731
14339;26362;40701
2616;23216;25832
13580;22601;36181
825;39562;40387
11786;15695;27481
7590;33136;40726
10182;28003;38185
11217;35251;46468
2191;15543;17734
14160;23842;38002
5908;20091;25999
12145;34767;46912
9773;17464;27237
156;34628;34784
7417;29450;36867
1704;33744;35448
3264;28807;32071
3209;23779;26988
601;37577;38178
8555;28348;36903
9815;35311;45126
5182;19960;25142
5256;30076;35332
8229;32973;41202
6461;27559;34020
11970;37250;49220
3699;28674;32373
7794;28043;35837
14441;29818;44259
7238;29295;36533
6277;35893;42170
6022;21505;27527
9379;30284;39663
14190;35211;49401
4225;33725;37950
5775;34434;40209
3998;21092;25090
890;39207;40097
14020;17500;31520
6047;20734;26781
6628;25954;32582
4783;16408;21191
10026;22706;32732
9951;24672;34623
4203;16899;21102
2876;25645;28521
7375;25376;32751
6288;21019;27307
14090;16073;30163
12588;20793;33381
9281;39864;49145
11302;15725;27027
6842;16551;23393
2445;20886;23331
6505;29704;36209
2649;39868;42517
13670;33481;47151
6759;24183;30942
7007;38301;45308
9903;20475;30378
4004;35697;39701
11714;33766;45480
11175;34048;45223
4604;23367;27971
14676;35958;50634
5994;35688;41682
2295;21485;23780
4779;16215;20994
7357;39563;46920
1378;31711;33089
1772;30642;32414
4574;33422;37996
3319;24480;27799
12922;36280;49202
5924;29026;34950
4609;20267;24876
7443;35620;43063
11543;36118;47661
2141;32180;34321
5605;26331;31936
10405;34014;44419
2524;22940;25464
13194;37743;50937
10441;31262;41703
1512;29763;31275
811;24786;25597
1721;19345;21066
343;38289;38632
8538;25759;34297
2406;35356;37762
11021;16566;27587
6051;22260;28311
8549;15601;24150
5436;21423;26859
1554;19295;20849
6984;27312;34296
8977;27717;36694
5250;30931;36181
14773;32768;47541
1442;31758;33200
13246;23036;36282
8505;37225;45730
1333;19624;20957
10942;39383;50325
10187;35729;45916
1961;18175;20136
1785;27483;29268
7536;27939;35475
13759;39653;53412
10658;18571;29229
847;34243;35090
8368;35633;44001
4799;19331;24130
5368;18992;24360
10704;27379;38083
194;36528;36722
1950;16703;18653
669;33520;34189
8951;28999;37950
13678;37499;51177
12055;35330;47385
4550;38700;43250
12273;20868;33141
5613;18544;24157
9018;16583;25601
14275;22201;36476
9123;19226;28349
394;16419;16813
13369;31527;44896
2415;22683;25098
474;20603;21077
1454;16810;18264
12625;33972;46597
14370;23486;37856
4095;27898;31993
2699;23451;26150
8604;32627;41231
3268;31978;35246
7991;39288;47279
317;29615;29932
10623;30061;40684
1904;29918;31822
10812;25186;35998
10914;38056;48970
10396;26097;36493
4593;36674;41267
8653;34182;42835
14210;34982;49192
8415;39403;47818
1533;36621;38154
14875;16047;30922
11154;28785;39939
12417;23169;35586
386;35515;35901
7317;29518;36835
1095;21591;22686
3973;31023;34996
13373;26402;39775
9470;18776;28246
4331;38465;42796
10126;29196;39322
6054;19785;25839
735;35960;36695
2146;37320;39466
11282;29109;40391
14472;28565;43037
13007;16905;29912
12985;32956;45941
9558;17220;26778
13228;18175;31403
7832;28595;36427
11632;30550;42182
2772;25612;28384
4479;20163;24642
5743;25056;30799
3938;31881;35819
6945;27241;34186
7604;34684;42288
7061;24535;31596
2980;34688;37668
8771;19071;27842
12202;30435;42637
12744;31748;44492
12519;24936;37455
9451;20572;30023
14488;16756;31244
11699;25215;36914
5002;28675;33677
944;35925;36869
11271;15297;26568
550;28105;28655
1533;19641;21174
12603;19805;32408
13874;32783;46657
2507;21616;24123
837;33285;34122
5125;21333;26458
13028;20536;33564
5486;34836;40322
2044;20566;22610
13908;21928;35836
12796;16296;29092
13966;25770;39736
4822;17084;21906
4347;33595;37942
11624;33164;44788
10593;35162;45755
13650;27179;40829
11172;32578;43750
11506;31872;43378
1734;28260;29994
8573;31767;40340
10558;33949;44507
3834;17424;21258
11424;17458;28882
12502;27344;39846
4073;24176;28249
6628;23544;30172
1671;15150;16821
314;31085;31399
14233;23777;38010
14921;28962;43883
245;18955;19200
14260;28804;43064
6449;16656;23105
847;36077;36924
13572;24596;38168
2437;39394;41831
5117;19866;24983
66;38405;38471
2422;38752;41174
12814;37489;50303
449;31686;32135
3417;33882;37299
3019;21183;24202
76;38310;38386
7083;15597;22680
9618;36405;46023
14362;27973;42335
8431;37465;45896
4878;37498;42376
13698;34102;47800
14240;39487;53727
9628;27612;37240
14381;30161;44542
5532;18401;23933
13057;25578;38635
9363;17327;26690
4065;31648;35713
10886;20296;31182
12713;25311;38024
11232;29860;41092
7926;34871;42797
9759;21613;31372
12403;35826;48229
11764;15062;26826
13092;39769;52861
14853;20260;35113
5835;32243;38078
6646;27444;34090
11356;32713;44069
5211;38789;44000
10784;22456;33240
7688;21046;28734
5196;36362;41558
2675;18344;21019
5408;37372;42780
13303;23874;37177
57;32515;32572
4194;35878;40072
3260;29574;32834
1788;17432;19220
12741;15401;28142
2926;20405;23331
4558;25905;30463
8617;34950;43567
6844;35747;42591
854;22080;22934
3439;22368;25807
4732;35776;40508
5146;36180;41326
5182;30437;35619
11579;25641;37220
14572;30442;45014
8472;18703;27175
9653;16741;26394
2740;25466;28206
3341;34487;37828
7925;32063;39988
10978;24895;35873
13677;35234;48911
5020;21621;26641
7549;33417;40966
6705;37219;43924
7067;35069;42136
14644;32477;47121
2342;33627;35969
1153;39845;40998
1475;32284;33759
8498;36627;45125
3789;16815;20604
8669;30194;38863
14134;15909;30043
9001;36872;45873
4465;31078;35543
978;33181;34159
9565;35880;45445
1432;15536;16968
6308;17703;24011
1171;33433;34604
12676;37543;50219
5786;17433;23219
3468;33673;37141
14882;22337;37219
734;22947;23681
9243;33286;42529
5340;29637;34977
10303;23414;33717
13962;25870;39832
11184;36437;47621
7308;21969;29277
12084;37463;49547
9132;31713;40845
14014;20909;34923
1253;19210;20463
13827;21977;35804
1154;19874;21028
2684;32774;35458
2507;22806;25313
9740;36186;45926
1164;30868;32032
3266;18061;21327
10329;34271;44600
1580;35985;37565
12021;36065;48086
9483;37396;46879
12294;30272;42566
8228;33912;42140
6972;39325;46297
8451;35006;43457
4992;37408;42400
11511;21913;33424
12495;24533;37028
13668;31218;44886
8141;20018;28159
412;25605;26017
4360;39534;43894
11986;22726;34712
3551;27157;30708
9225;31162;40387
9113;16718;25831
10504;28189;38693
11007;29907;40914
7745;21914;29659
9224;30948;40172
13071;30613;43684
13165;21778;34943
8694;39637;48331
4108;33562;37670
8921;19816;28737
1218;37117;38335
428;30062;30490
254;25382;25636
12900;35132;48032
1741;27661;29402
5085;15385;20470
280;25527;25807
1552;36979;38531
7113;18324;25437
3834;25965;29799
2143;15727;17870
9502;23926;33428
7289;30194;37483
8388;32176;40564
7020;21506;28526
12451;21137;33588
8463;33829;42292
14643;35366;50009
2715;32500;35215
5416;34638;40054
7060;26561;33621
8761;35306;44067
7314;28538;35852
1977;39687;41664
1308;18600;19908
3213;27404;30617
3421;28140;31561
6996;37700;44696
2898;30319;33217
219;15292;15511
10311;27217;37528
707;19269;19976
13652;22945;36597
7474;21328;28802
9126;36663;45789
1651;29682;31333
8871;16783;25654
11630;33806;45436
6499;22498;28997
9590;21084;30674
14262;38033;52295
8609;32959;41568
7403;20530;27933
7208;25467;32675
12143;20598;32741
5920;23852;29772
10887;28097;38984
9770;29250;39020
11984;25669;37653
991;16546;17537
8124;21706;29830
7285;36799;44084
11932;37601;49533
12990;17288;30278
9555;24707;34262
10228;18626;28854
4051;25044;29095
10390;36749;47139
6795;24312;31107
2078;39231;41309
2486;30704;33190
11391;31713;43104
8584;32465;41049
7982;38822;46804
14446;23418;37864
11980;25444;37424
3259;26623;29882
8153;36988;45141
6415;23009;29424
6520;33968;40488
13296;21907;35203
6301;32220;38521
3054;26862;29916
6771;29822;36593
7584;35003;42587
10582;27254;37836
5158;21617;26775
6085;24240;30325
298;23736;24034
7495;37967;45462
1368;17042;18410
6864;25280;32144
3266;23007;26273
2781;29459;32240
14569;26247;40816
8534;26086;34620
7099;35172;42271
7976;28069;36045
1494;31017;32511
7941;37548;45489
5600;39217;44817
6792;32350;39142
13274;35794;49068
13543;26703;40246
11370;38638;50008
4390;16009;20399
3033;39993;43026
13453;38974;52427
14938;21688;36626
2663;26991;29654
2523;26128;28651
480;37480;37960
10845;21592;32437
9184;25609;34793
130;39573;39703
13739;33361;47100
12370;25446;37816
2967;30007;32974
13693;32661;46354
1348;16371;17719
4100;26868;30968
14822;28853;43675
7419;33058;40477
685;27952;28637
1813;15892;17705
8700;25153;33853
6979;33369;40348
224;36998;37222
8268;27375;35643
9315;31089;40404
13255;36608;49863
4584;37509;42093
4198;34487;38685
1493;28539;30032
162;26223;26385
1901;37342;39243
14711;37881;52592
5921;24505;30426
13775;38690;52465
9321;30129;39450
271;38841;39112
1565;23008;24573
13607;23030;36637
10055;20881;30936
4549;29912;34461
11510;15534;27044
434;15345;15779
5937;25950;31887
12911;32663;45574
2425;16903;19328
14371;16922;31293
4052;33762;37814
4786;26520;31306
14939;32511;47450
5791;31229;37020
7945;19510;27455
8442;15276;23718
14842;37995;52837
2858;22422;25280
6829;27894;34723
13755;26687;40442
11690;37984;49674
8982;39172;48154
11744;15904;27648
5888;35936;41824
11303;28520;39823
11369;38655;50024
9547;18588;28135
9211;29132;38343
14467;35051;49518
7410;37412;44822
785;29244;30029
13990;27459;41449
10023;38965;48988
11480;36393;47873
421;39931;40352
8535;16372;24907
744;38337;39081
7226;26614;33840
833;32609;33442
1286;25638;26924
1054;21679;22733
5693;32976;38669
3788;18222;22010
2618;15753;18371
980;33493;34473
1820;24390;26210
1630;34324;35954
11554;17046;28600
14332;37595;51927
3960;39468;43428
5568;29428;34996
1983;18245;20228
10404;19847;30251
2351;35915;38266
9232;25751;34983
12936;24478;37414
14163;25890;40053
9392;38918;48310
3790;28340;32130
4779;15944;20723
8952;29220;38172
4428;31126;35554
4682;37625;42307
10900;35434;46334
2391;25705;28096
11424;27498;38922
13455;22159;35614
11667;24917;36584
3260;37818;41078
14073;27343;41416
14517;35842;50359
14464;17278;31742
3758;35452;39210
12448;27728;40176
3934;17114;21048
1305;33748;35053
11606;22504;34110
14836;37636;52472
14959;30709;45668
9438;34539;43977
14568;25798;40366
10229;31499;41728
1930;16349;18279
3474;21198;24672
3760;37888;41648
948;35761;36709
2483;15386;17869
4877;21797;26674
10960;36344;47304
1540;23392;24932
1264;15368;16632
10190;32952;43142
6249;16149;22398
3157;25245;28402
11998;25940;37938
9781;16724;26505
7684;39765;47449
10036;38460;48496
4280;35961;40241
5153;28168;33321
6467;30967;37434
962;23587;24549
12419;18818;31237
535;21378;21913
10071;39304;49375
12086;20910;32996
12856;39821;52677
11542;28009;39551
11235;28481;39716
13776;35849;49625
1436;35898;37334
13017;28595;41612
9512;33011;42523
13024;27646;40670
2826;36171;38997
7349;25858;33207
5283;20794;26077
7386;31239;38625
5492;15515;21007
9643;15546;25189
10295;36773;47068
2703;34597;37300
14745;35220;49965
1351;30111;31462
720;29761;30481
12430;27422;39852
13727;27019;40746
6386;30938;37324
1023;30173;31196
3083;25540;28623
14165;17595;31760
7897;33547;41444
5868;18934;24802
4278;29387;33665
2430;35662;38092
4664;39095;43759
12949;23840;36789
1275;22341;23616
673;18355;19028
9641;16964;26605
13655;26714;40369
7977;22171;30148
2675;19551;22226
14294;29820;44114
14357;22232;36589
13602;18312;31914
695;19394;20089
10145;17256;27401
3681;27667;31348
6767;35734;42501
5559;33829;39388
5503;27755;33258
988;21512;22500
13241;35740;48981
14233;16388;30621
8378;32985;41363
12249;22134;34383
3722;38285;42007
5580;18455;24035
6027;27677;33704
4244;30148;34392
14257;33482;47739
1730;18893;20623
695;15549;16244
7598;22110;29708
8298;20538;28836
13174;21924;35098
8737;26497;35234
13282;31142;44424
926;31121;32047
12270;19960;32230
3871;28554;32425
6303;16586;22889
11978;25115;37093
11359;27680;39039
3874;30469;34343
3632;22734;26366
602;33057;33659
10900;15424;26324
12245;29323;41568
237;27999;28236
1984;30653;32637
12536;22384;34920
4621;38977;43598
13899;24813;38712
6513;22748;29261
562;29352;29914
12211;36520;48731
14472;37684;52156
10350;19095;29445
10317;17851;28168
7308;35363;42671
11445;25034;36479
3302;29471;32773
8380;20233;28613
4697;22761;27458
850;28759;29609
4886;30902;35788
12365;21616;33981
2518;15996;18514
9889;23616;33505
10476;29980;40456
13055;19562;32617
2483;26077;28560
3932;23518;27450
9990;32262;42252
13391;17789;31180
4714;19379;24093
6513;29571;36084
6747;28161;34908
5215;17754;22969
4849;29044;33893
11780;19952;31732
425;29585;30010
6798;24080;30878
5758;20912;26670
1339;18555;19894
9540;20147;29687
6291;21326;27617
14952;34281;49233
7679;35161;42840
9112;18617;27729
12190;33989;46179
436;36918;37354
13667;20689;34356
11112;27128;38240
967;30123;31090
2124;21961;24085
3505;26287;29792
2350;32155;34505
8017;21489;29506
550;26155;26705
9308;33846;43154
10591;23955;34546
703;37491;38194
11620;30547;42167
13213;18883;32096
5032;27288;32320
6349;35095;41444
10586;28805;39391
14532;23356;37888
1307;15180;16487
11129;17033;28162
3839;17184;21023
11256;38482;49738
6028;38032;44060
13589;31808;45397
9946;20708;30654
7926;33409;41335
14114;25254;39368
13778;16745;30523
13625;18609;32234
6969;15253;22222
3750;30473;34223
3097;29933;33030
12758;21890;34648
13386;17767;31153
296;30198;30494
10408;39214;49622
12866;28216;41082
4332;33081;37413
6620;18734;25354
10035;31019;41054
9604;21309;30913
14700;16391;31091
13979;33046;47025
3686;26024;29710
11570;34648;46218
13651;26488;40139
4147;36288;40435
3116;29218;32334
4312;34777;39089
9380;32641;42021
104;36630;36734
2328;37983;40311
8844;28552;37396
572;26216;26788
9927;15558;25485
7537;32932;40469
13732;19633;33365
7414;36481;43895
6639;25326;31965
211;25399;25610
10632;36863;47495
974;25273;26247
569;25159;25728
9344;39193;48537
14641;28004;42645
12133;39279;51412
12991;34291;47282
12534;32365;44899
6333;39691;46024
6250;26875;33125
1465;31241;32706
14754;33388;48142
13028;26458;39486
2625;39130;41755
12451;31261;43712
12360;34533;46893
2587;30979;33566
12905;24406;37311
8580;23319;31899
1270;22130;23400
13978;34769;48747
13702;27506;41208
4959;25558;30517
7626;22097;29723
10393;39348;49741
5520;39232;44752
8059;24702;32761
12102;16144;28246
7061;16265;23326
4427;39663;44090
12315;24793;37108
5718;19874;25592
7135;32200;39335
884;26528;27412
5170;33430;38600
11661;39803;51464
1746;35723;37469
2977;20008;22985
12256;27912;40168
1970;28338;30308
14462;31401;45863
12451;24447;36898
5144;33229;38373
14948;35332;50280
2225;18856;21081
14872;37795;52667
5000;25125;30125
10439;17356;27795
13148;21860;35008
6743;37410;44153
5379;24275;29654
14271;15569;29840
4133;36129;40262
2757;25480;28237
3188;34443;37631
2731;33705;36436
9552;30775;40327
2266;33207;35473
3857;18889;22746
9035;37529;46564
4685;19569;24254
5811;35696;41507
14251;22999;37250
9198;21111;30309
7012;21669;28681
12884;28725;41609
8309;35113;43422
6321;16837;23158
13342;32460;45802
7894;38973;46867
10858;36498;47356
9309;32995;42304
2762;28700;31462
1995;33172;35167
6578;38149;44727
6373;22992;29365
2193;27244;29437
9419;15504;24923
10892;22914;33806
5655;16663;22318
2982;32372;35354
1663;39325;40988
6768;34366;41134
11324;35670;46994
7313;19693;27006
14850;29886;44736
14221;36513;50734
7432;34263;41695
12096;29679;41775
6663;33464;40127
14559;24305;38864
8834;20237;29071
4854;25268;30122
12295;18690;30985
8312;25341;33653
6645;27688;34333
9655;27920;37575
9705;18297;28002
14075;31790;45865
6917;25562;32479
317;33086;33403
4366;30861;35227
8916;20392;29308
13782;28830;42612
13519;19878;33397
11827;32663;44490
10387;26825;37212
8281;27230;35511
5364;16297;21661
2897;24467;27364
7830;22959;30789
7679;21978;29657
12095;31040;43135
6714;34864;41578
7834;37775;45609
1400;36421;37821
2182;39204;41386
6398;16860;23258
1670;18656;20326
10247;23113;33360
13728;31960;45688
11069;20935;32004
6985;23064;30049
13403;15540;28943
4248;27507;31755
12662;26301;38963
11472;29769;41241
7616;33254;40870
797;35058;35855
1830;38356;40186
4431;19074;23505
8164;17065;25229
12222;24405;36627
5177;21439;26616
184;35584;35768
6528;16383;22911
9479;27571;37050
5210;20022;25232
8259;39585;47844
1157;31632;32789
10145;38251;48396
7977;31031;39008
10129;31620;41749
1550;27293;28843
875;23877;24752
5786;28234;34020
9008;17424;26432
9366;22242;31608
5634;25271;30905
1559;18374;19933
11292;26963;38255
13281;22506;35787
5613;37743;43356
1516;27396;28912
6896;28912;35808
14424;38556;52980
13581;31710;45291
6678;17079;23757
5418;17695;23113
13440;29730;43170
2661;39343;42004
5887;39277;45164
8354;29949;38303
12777;25426;38203
5172;38327;43499
3328;24672;28000
11211;29281;40492
11653;15182;26835
3798;25622;29420
7397;21987;29384
13044;16274;29318
6249;28090;34339
9876;22854;32730
12658;25207;37865
7774;30283;38057
4871;22554;27425
11741;35921;47662
4333;18497;22830
6098;30657;36755
8272;38098;46370
14750;16999;31749
1723;34857;36580
8296;32202;40498
4114;18218;22332
6856;36396;43252
5371;30403;35774
11738;23686;35424
8495;28638;37133
9876;29807;39683
11120;32467;43587
14963;26041;41004
13269;16052;29321
14188;37916;52104
10504;31564;42068
4099;31871;35970
11997;15609;27606
2248;17752;20000
4303;39282;43585
5400;38979;44379
7059;20246;27305
6862;35505;42367
14491;28283;42774
10667;15867;26534
11248;26235;37483
11558;24667;36225
11148;25832;36980
5491;15960;21451
4619;35791;40410
7107;18716;25823
3413;34077;37490
6759;27305;34064
6196;25536;31732
10453;28677;39130
13338;18269;31607
3151;25675;28826
11242;35120;46362
13598;35194;48792
5068;15318;20386
15000;37419;52419
9134;18093;27227
8077;26207;34284
866;19645;20511
14637;25620;40257
12417;37644;50061
14123;35141;49264
1376;18880;20256
10840;16494;27334
2277;27534;29811
11125;36355;47480
1358;25383;26741
2927;15740;18667
12472;38011;50483
6437;25176;31613
11091;36467;47558
7398;18249;25647
8655;34976;43631
11775;20712;32487
9953;19968;29921
8663;37766;46429
7959;16389;24348
7550;23844;31394
14890;30535;45425
10738;35918;46656
7150;34245;41395
10430;28402;38832
4871;33664;38535
7567;15267;22834
545;37595;38140
11605;20617;32222
6280;37137;43417
4531;31558;36089
10564;38830;49394
3061;39988;43049
11181;19705;30886
7159;19991;27150
8468;35395;43863
4733;20588;25321
9306;28113;37419
10659;37372;48031
8661;39703;48364
10727;24888;35615
10037;35638;45675
6471;38734;45205
13852;19481;33333
3170;35179;38349
4143;25878;30021
9590;15047;24637
7076;21403;28479
4540;22168;26708
875;17575;18450
10675;38548;49223
11081;37712;48793
5499;29119;34618
156;20940;21096
14292;30428;44720
8082;31678;39760
14995;33019;48014
12233;30810;43043
8473;29406;37879
13589;34148;47737
5724;34917;40641
4175;38710;42885
11962;25221;37183
360;34241;34601
10118;32052;42170
12927;36920;49847
3064;28275;31339
11576;19612;31188
10239;26078;36317
9898;25779;35677
8556;25156;33712
3811;15401;19212
14465;28163;42628
13889;21823;35712
3347;33763;37110
2484;24090;26574
11050;23897;34947
5062;38871;43933
10963;32396;43359
14283;39617;53900
12041;37861;49902
2215;35503;37718
10051;16098;26149
8748;39508;48256
12936;24822;37758
8950;31644;40594
